title,review_text,rating
"A blood-crawling, gut wrenching, exhilarating movie!","This is how I want to see a spy/espionage movie in Indian cinema. Excellent world and character building, with outstanding set pieces. Every single actor played their roles to perfection! Askhay Khanna stands out the most. However, as others mentioned, the role of Ranveer was not to stand out in the first place, and the director and actor executed that perfectly!",9
The Best Film Of 2025 In Bollywood,"Since the beginning Movie pace and Story hook you that much, you'll forget about popcorn on your lap.Background music 10/10, Highly Impressive. I was complimenting while watching itself.Casting 10/10, every actor is fit to the role and each and everyone gives 100%
Story 9/10, After a decade we are witnessing such a good story and no disturbance by any love song in switzerland.Direction 10/10, every single shot is too notch. So impressivePlease watch this film in theatre for better experience in terms of music most. I'm filled with compliments for this film.",9
"After a long time, a good espionage movie","Well, well, well... Pathan, War 2, Singham, and so on and so forth. Pathan was Shahrukh's comeback and we all know his nuances: he drives a movie on his shoulders. Yet, when it came to spy thriller, it was frankly so-so. Then we all know star studded movies like the lastest Singham and War 2... There's only masala with heavy star cast and a very, very little storyline or nothing on the spy topic. I can definitely say, they were mass movies relying on starcast and some CGI.So then comes Dhurandhar. Not to say again but a heavy star studded movie with spy and espionage elements. But the difference, the stars gave phenomenal performances, including the young lady Saira and our own Rakesh Bedi. While everyone applaused Akshaye Khanna, Sanjay Dutt, Arjun Rampal and ofcourse Ranveer Singh, I felt these two side characters were equally good in whatever roles they were offered.Now coming to spy world. The movie showcases what's there, is there. How it works, how things topple upside down due to a slight mistake, or how you may have to take chances, heavy chances to get something done. When you have one and only aim, your chances heavily rely on your guts and brain. Because be it or not, a rotten apple in a crate may leave its rottenness in other apples.Moreover, the movie is shown with the point of view of Indian forces, and some actual incidents, that blend with the overall sentiments and anger of a viewer.Again, there is some gore, but not so much and elaborated like movie Animal. But not so less that you can watch with kids.I did feel little glitches here and there but overall, a wonderful movie. And yes, I am waiting for the next part.On a side note. The movie is long, but you won't yawn anytime during its running time.",9
DHURANDHAR EXPERIENCE 🔥🔥🔥🔥,"A spy action movie with a runtime of 3 hrs 34 minutes approx, it's engrossing without a single moment of boredom, thanks to the robust screenplay and casting of talented performers. Director Aditya Dhar has been successful in ensuring that each character leaves an indelible mark on the viewers.It's not solely a Ranveer Singh show, as the director has ensured each character has a memorable presence. R Madhavan, Arjun Rampal, Akshay Khanna, Sanjay Dutt, and Ranveer Singh deliver performances akin to a north Indian person savoring an authentic south Indian meal, with each bite providing satisfaction. Akshay Khanna, who won hearts with Aurangzeb in Chaava, has again impressed as Rehman Dakait in Dhurandhar. His swag, look, and dialogue delivery are mind-blowing. As the movie progresses, Sanjay Dutt brings a new gear, accelerating the pace with his enjoyable screen presence. R Madhavan and Arjun Rampal have limited screen time but make their presence felt. Sara Arjun delivers a decent performance as the lady love. Ranveer Singh's character development is amazing to watch, and his mass performance will be eagerly anticipated in the second part.From a technical standpoint, Aditya Dhar's direction is astounding, perfectly capturing the essence of Dhurandhar. Sashwat Sachdev's score and music blend seamlessly with the movie's tone. The placement of old Bollywood classics in certain situations is entertaining and thrilling. Vikash Nowlakha's cinematography is commendable, and Shivkumar V Panicker's editing is sharp.",10
Reasons you should watch it in cinemas,"The movie absolutely stands on top of other Bollywood movies in the year 2025 , the movie has it all , great acting, great story, a unique storytelling. The movie is undoubtedly long, but it doesn't feel stretched, the movie has been targeted for violence, but in my opinion , the violence is natural and necessary, we don't have unwanted violence like movies like animal or gangs of Wasseypur . The movie can be criticised only if you have a personal bias against it already , overall I'll suggest you to give the film a try and watch it without any bias , I am sure you'll like it.",10
"Emotion that lingers, action that erupts","The world of Dhurandhar is as mesmerizing as it is dangerous, with every corner of Karachi rendered in cinematic precision. Ranveer Singh delivers a layered performance that anchors the audience amid escalating threats and moral dilemmas. Director Dhar crafts sequences where strategic planning meets brutal action, keeping viewers perpetually on edge. The supporting cast contributes significantly, fleshing out a realistic criminal ecosystem. Cinematography and editing combine to maintain tension, while the score punctuates key moments. The narrative's blend of action, politics, and human drama makes the film a truly immersive experience.",10
Best of all time,"Dhurandhar"" packs a powerful punch - a gritty, high-stakes spy thriller that drags you deep into the murky underworld of Karachi with style, tension and spectacle. Directed by Aditya Dhar, it follows Indian agent Hamza (Ranveer Singh) as he embeds himself deep within the mafia network of Karachi's notorious Lyari gang, attempting to dismantle terror operations from within.From the outset, the film builds a potent atmosphere - dank alleys, ominous conspiracies, and a mounting sense of danger that never quite lets go. The cinematography, drenched in shadow and sharp contrasts, and the stirring background score - sometimes throbbing with urgency, sometimes hauntingly minimal - elevate ordinary frames into moments of nail-biting suspense.Ranveer Singh's performance is perhaps the greatest strength of the film: he plays Hamza with restraint and intensity, letting silence and subtle gestures speak louder than grand dialogues. Supporting cast members - from villains to allies - also deliver convincingly, making the world of ""Dhurandhar"" immersive and convincingly dangerous.That said, the film does have its flaws. At three and a half hours, the runtime occasionally drags, and certain sequences - especially in the second half - feel overdrawn or repetitive. The gritty violence sometimes feels gratuitous, and a few plot threads seem more like setup for a sequel than satisfying arcs in themselves.Despite those drawbacks, ""Dhurandhar"" works when it matters - for its ambition, its mood, and its commitment to telling a volatile story with conviction. It may not be perfect, but it's bold, intense, and rarely dull. For viewers who appreciate raw, uncompromising thrillers with emotional weight and real-world resonance, this is a ride worth taking. Amazing.",10
"A Grand, Ambitious Spectacle Powered by Stellar Performances","Aditya Dhar's Dhurandhar arrives as a bold, painstakingly mounted espionage thriller that thrives on scale, ambition, and sheer cinematic craft. It is a film that demands patience for its towering 214-minute runtime, but richly rewards those who stay with it. With top-notch production values, memorable set pieces, and some of the finest performances of the year, Dhurandhar stands tall as a big-screen experience meant to be felt as much as watched.Inspired by true events, Dhar's story is inherently gripping. The screenplay is layered and compelling, especially in how it maps the journey of an ordinary Indian man who infiltrates the heart of Pakistan's political machinery. The tension is relentless, yet the storytelling never becomes loud or preachy. However, the writing does stretch thin in the first half. Aditya Dhar dialogues are passionate, often theatrical, and suit the film's soaring tone.Dhurandhar is packed with sequences that are crafted for maximum impact. The infiltration episodes are particularly thrilling sharp, suspenseful, and rooted in strategy rather than convenient heroism. The intermission arrives at a nail-biting turning point, leaving audiences gasping. Post-interval, Hamza's descent into madness is exceptionally staged. The finale, a brutal and emotionally charged fight sequence, serves as a fitting crescendo. The only major drawback: the length. At nearly 3 hours and 34 minutes, the film demands more endurance than necessary. A tighter edit could have easily elevated its impact.Ranveer Singh delivers one of the most outstanding performances of his career. He inhabits the character with remarkable intensity and vulnerability. Akshaye Khanna is phenomenal, expressing oceans through the subtlest shifts in his eyes. Sanjay Dutt is electrifying, commanding, and immensely watchable. Arjun Rampal, though limited in screen time, makes every moment count. R. Madhavan is terrific, leaving a lasting impact with his portrayal. Sara Arjun makes a decent debut, though her chemistry with Ranveer feels oddly underdeveloped. Rakesh Bedi, Gaurav Gera, Naveen Kaushik, and Danish Pandor round out the supporting cast with assured performances.Music is a mixed bag but effective. The title track is already a sensation. ""Ishq Jalakar - Karvaan"" emerges as the standout. ""Gehra Hua"" is soothing and well-placed. Cinematography is spectacular, the frames are rich, atmospheric, and visually arresting, making the film feel even larger than its scale. The action Choreography is gritty, dynamic, and rooted in physical realism. A gripping spectacle that could have been a masterpiece with tighter editing.Direction 3.5/5
Acting 4/5
Editing 2.5/5
Story 3.5/5
Screenplay 3.5/5.",7
this will change indian cinema,"Intelligent writing, peak performances, gritty and realistic action. After such a long time, mainstream bollywood finally has a movie which is truly cinema.It's no simple task to construct a nearly 4 hour long movie without losing your audience, yet dhurandhar manages to do exactly that. In fact, the runtime serves as a strength, allowing you to fully immerse yourself in such a dense, complicated, and dark world.I say this will change indian cinema because the film is just so thoughtfully built and so different at the same time. It feels like an experimental take on commercial cinema. There's so much aura farming, but dhar's clever script adds a classy weight to them that just isn't present in other bwood flicks.There are some truly disturbing scenes here, in particular the scene for the 26/11 attack. The shock, the disgust, the sadness. I don't think a film has made me feel so angry in such a long time. Another scene involving arjun rampal's character is straight out of a horror movie. The 18 rating is definitely justified.Don't miss this masterpiece.",9
A breathtaking journey through gangster politics,"First of all I would like to salute the direction and storytelling of this movie. This type of story telling has not been seen before in bollywood. The music mashup, bgm and intro of every character was top notch. First half had all the cuisines for perfect build up for all the characters and story. In Second half all that build up explodes and gives great fight sequence, music, and goosebumps moment. After interval the story just flows and you won't feel like it's been 3:30 hours.Final conclusion: Just don't miss this masterpiece if you are cinema lover, you can't afford to miss this type of storytelling.",10
High octane spy thriller,"A must watch movie if you are a fan of intense spy thrillers. You're going to love it.Ranveer Singh delivers a powerhouse performance and is absolutely on fire.His performance alone is enough to watch movie.The film dives deep into espionage, underworld infiltration, and raw patriotism with tremendous intensity and swagger. Although the runtime feels a bit long at times, the gripping narrative and high-voltage execution keep you engaged throughout.",10
A gritty masterpiece that redefines the Indian spy genre,"If Uri: The Surgical Strike was the roar, Dhurandhar is the bite. Aditya Dhar has returned with a spy thriller that does not just rely on loud patriotism but backs it up with grit, intelligence, and a scale that Indian cinema rarely attempts. Clocking in at over three hours, it is a marathon of a film, but one that leaves you breathless rather than exhausted.This is the Ranveer Singh we have been waiting for. As the covert operative Hamza Ali Mazari, Singh strips away his usual high-energy flamboyance to deliver a performance of simmering intensity. He is quiet, lethal, and emotionally vulnerable. Whether he is navigating the treacherous lanes of Karachi or breaking down in a rare moment of solitude, he anchors the film with a maturity that defines the second act of his career.While Ranveer is the soul, Akshaye Khanna is the electrifying current running through the narrative. As the antagonist Rehman Dakait, Khanna is terrifyingly calm and intellectual, proving once again why he is one of the most underutilized actors in the industry. The face-off scenes between Singh and Khanna are masterclasses in tension, relying on psychological warfare rather than just explosions.What stands out most is the technical brilliance. The film respects the intelligence of the audience, weaving a complex web of espionage involving historical stakes without feeling like a history lesson. The hand-to-hand combat is visceral and realistic, avoiding the gravity-defying stunts often seen in the genre. Shashwat Sachdev's background score is a character in itself - pounding and relentless during the action, yet haunting during the emotional beats.Is it long? Yes. But the runtime is justified by the depth of the world-building. Dhurandhar is a mass entertainer with class sensibilities - a rare beast that satisfies the action junkies and the cinephiles alike. It is a high-octane saga that cements Aditya Dhar as a master of the war-spy genre. A must-watch for anyone who loves grounded, intense cinema.",10
Impact full,"Dhurandhar is a strong and engaging film that leaves a lasting impression through its powerful performances and well crafted story. The movie keeps you connected from start to finish without unnecessary complications, and the emotional weight of each character adds depth to the overall experience.Akshaye Khanna stands out instantly. His calm yet intense way of acting gives the film a very solid foundation. He doesn't need loud moments to create impact his expressions, timing, and controlled performance speak for themselves. Every time he appears on screen, the scene feels more serious and meaningful.Sanjay Dutt brings his natural authority and experience to the film. His presence adds a sense of strength and maturity to the storyline. He plays his role with a balanced mix of power and emotion, making the character believable and memorable without overacting.Arjun Rampal contributes strongly with a very composed and focused performance. He adds a sense of mystery and depth, and his character holds the audience's attention throughout. Rampal's acting feels effortless yet very effective, helping maintain the film's intense tone.The biggest highlight, however, is Ranveer Singh as the spy. Ranveer fits the role perfectly. His energy, expressions, and emotional range show how much thought he has put into understanding the character. He plays a spy who carries both responsibility and inner conflict, and he brings this out in a very natural way. His action scenes look real, and his emotional moments feel honest. Ranveer's performance is strong enough to uplift the film on many levels.The direction and storytelling are simple but impactful, keeping the focus on characters rather than unnecessary twists. The pacing is smooth, and the background music supports the tension in the right moments.Overall, Dhurandhar is a well made, engaging, and powerful film. With strong acting from Akshaye Khanna, Sanjay Dutt, Arjun Rampal, and an excellent performance by Ranveer Singh, it becomes a movie worth watching for anyone who enjoys intense and meaningful cinema.",10
Blockbuster movie. Must watch.,"I initially thought the movie would have unrealistic action scenes to glorify the spy. But I was taken aback by the meticulously well done world building of Pakistan and Lyari. It showed the mindset of mafia, terrorists and pakistan's intelligence agency very well and which is reality grounded. Pakistan is historically known to attack India and torture the captured military personnel brutally and in an inhumane way. The movie doesn't shy away to show that brutal side of Pakistan. The actors gave a fabulous performance, particularly Akshay Khanna and Ranveer Singh.This movie was a treat to watch. I would recommend every Indian who isn't delulu left wing but actually cares for the nation regardless of whether they are left or right wing to watch this movie.",10
Awesomely thought and scripted movie,"Amazed to see a brilliant movie coming from Aditya Dhar, which is well scripted and offers you a cinematic experience.It showcase the journey of weak Indian government in early 2000 against terrorism ; and how RAW launches a brilliant plan to infiltrate Pakistani mafia.Akshya Khanna will blow your mind with subtle act. You will find him heroicA must watch in theatres only !",9
"Started strongly, but falters at places","Dhurandhar opens with a jolt. The film throws you straight into the brutality of its historical backdrop, staging the violence
with a kind of cold intensity that doesn't letup. The story dives into the world of undercover operations, betrayal, and the
constant tension of living behind enemy lines.The performances are easily the strongest pillar here. Ranveer Singh handles the lead role with solid control, especially in the
heavier moments, though the film never lets us truly get under his skin. The real standout is Akshaye Khanna as Rehman
Dakait. He barely speaks, yet his eyes carry entire paragraphs. Every expression lands like a threat, and he steals the frame
without even trying. I personally felt Sanjay Dutt as SP Aslam as the weaker character, with no impactful dialogue or presence on the screen.Technically, Dhurandhar is an impressive film. The background score keeps tightening the rope around the audience, although I didn't feel it synced every time with the scene. The cinematography was good, however the direction and editing could have been better. A lot of choppy editing was noticeable throughout the movie. The camera movement while decent throughout the movie, was awkward on certain occasions. The use of real footage of 26/11 conversation was something surprising as well as heavily convincing.But the film collapses under its own weight. There are too many characters, too many arcs, and too many threads fighting for attention. With the narrative jumping around so much, there's little emotional connection with the protagonist or his
mission. It's hard to care whether he succeeds or fails when the film doesn't slow down enough to let us live with him.The romance between Ranveer Singh and Sara Arjun is easily the weakest part of the film. The chemistry felt both awkward as well as forced. Everytime there scene appeared, it kinda pulled me out of the real narrative.The violence, while impressive in execution, sometimes crosses into excess. There are moments that feel gruesome just for the sake of being gruesome, adding shock but not substance. The pacing was another concern. The film was long by atleast 30 minutes due to various unnecessary subplots and I felt it could have been wrapped in 3 hrs with a tighter grip on the story.Overall, Dhurandhar is an ambitious and technically strong movie, that works mostly due to it's premise and great performances, however is bloated by uneven storytelling that loses it's grip on the way.My Rating : 3.5/5.",7
Blood in Shadows,"It's brutal, uncompromising, and unapologetically hard-edged. Perfectly assembled cast. Each actor embodies their role with precision. Powerhouse performance from each character. Together, they elevate the films from mere action into a character driven saga. Strong background score becomes part of the story.",10
A Milestone in Indian Spy Cinema,"Dhurandhar is nothing short of a landmark in Indian espionage filmmaking. Bold, sharp, and unapologetically intense, the film elevates the spy genre in ways Bollywood has rarely attempted. What sets it apart is its commitment to gritty realism, its depiction of covert operations, high-stakes intelligence work, and the psychological toll on field agents feels far more grounded than the glossy, larger-than-life approach seen in many mainstream spy franchises.The film's portrayal of a hostile intelligence adversary, modeled through its fictionalized spy agency antagonists, is brutal, raw, and narratively effective. Where some commercial films opt for sanitization or melodrama, Dhurandhar leans fully into the darker shades of espionage, using tension and moral ambiguity to drive the story forward.The screenplay is exceptional. Real-world inspired incidents are woven seamlessly into the narrative, creating a sense of authenticity that never feels forced. Every subplot, every twist, and every backstory merges into a cohesive whole without a single jarring bump. It's rare to see such meticulous structuring in Bollywood thrillers.The background score deserves special recognition. It heightens the suspense without overwhelming the scenes, striking the perfect balance between cinematic flair and subtle atmospheric tension. The action sequences, too, are a standout-brutal, tightly choreographed, and refreshingly devoid of unnecessary slow motion or over-the-top heroics.In a genre often dominated by style over substance, ""Dhurandhar"" proves that Indian cinema can deliver espionage storytelling that is both artistically rich and thrillingly raw. It's a must-watch for fans of realistic spy dramas and a benchmark future Indian films in this genre will be measured against.",10
Aditya Dhar !! You beauty,"What a movie !!!! Shows how actually a spy operates.Dhurandhar is a film that stays with you long after the credits roll. It is not merely a spy thriller; it is an emotional reminder of the men and women who walk unknown streets, carry hidden identities, and fight unacknowledged battles so that the rest of us can live in peace. Rarely does a film manage to blend intensity, patriotism, and raw human emotion with such precision.The narrative hits with force. Every frame feels purposeful, every scene carries weight. The director crafts a world of shadows where loyalty is tested, sacrifice is constant, and courage is not loud - it is silent, disciplined, and deeply personal. What touches the heart is the film's honesty. It does not glorify heroism; it reveals the emotional cost behind it.The lead actor delivers a performance that is both powerful and heartbreakingly vulnerable. You see the steadiness of a soldier, the burden of duty, and the quiet tremors of a human being who cannot afford to break. The supporting cast mirrors this emotional depth, giving the story a lived-in realism that draws you in completely.The writing is sharp yet sensitive, capturing the spirit of service without theatrics. The background score elevates this emotional journey beautifully - stirring, soft at the right moments, and rising with a patriotic pulse when needed. The cinematography matches the tone perfectly, pulling you into the tension, the loneliness, and the unspoken bravery that defines an intelligence operative's life.What makes Dhurandhar unforgettable is its heart. It honours those who protect India without applause, without visibility, without rest. It is a tribute to sacrifice that ordinary people will never fully understand - and that is exactly why it must be seen.A gripping, emotional, deeply heartfelt film.",10
The best espionage film in Indian cinema.,"I do not even know where to start but I will try my best to give it a shot.The thing is that we have abused words like greatest, masterpiece, generational and blockbuster to an extent where they mean nothing anymore and we have thrown them at so many empty mediocre films that when something real arrives we do not have the vocabulary left to honour it. Because of that inflation of praise I do not know how to give justice through words to something that actually deserves reverence.All I can honestly say is that every Indian should watch this film because Dhurandhar is not just any film, it is one of the greatest cinematic experiences of recent times and unquestionably the best espionage film in Indian cinema.The performances are frighteningly brilliant because these people are not acting. They are breathing the consequences of history. Akshaye Khanna does not perform, he embodies Rehman Dakait, one of the finest actors this country has ever seen. Ranveer Singh reminds you that regardless of how loud, messy or chaotic he is as a public figure he is a generational actor. Arjun Rampal, Sanjay Dutt, R Madhavan, Rakesh Bedi and Sara Arjun every single one of them delivers with terrifying precision.Aditya Dhar, easily one of the best directors right now, deserves to be celebrated because he has created something that deserves cultural recognition. We celebrate average films with loud voices but this is the kind of work that should be remembered. I am genuinely glad that this story is being told in two parts because one film could never have carried the weight of this narrative or the tension of this experience.There is a moment in this film where they play the real recordings from 26/11 attacks, the real conversations between the handlers and the terrorists and in that moment everything becomes frightening, enraging and unbearably real. It does not sensationalise tragedy and it does not treat terror like entertainment. It confronts you with history and demands that you feel something instead of just consuming it.Dhurandhar is special because it is not scared to show the truth even when the truth is ugly.Oh man, I could go on and on about how I am in absolute awe but anything I say right now will probably sound like hyperbole to y'all, so it is better that you go watch the film and live the experience I just lived.The post credit scene that teases Dhurandhar 2 gave me chills.19 March 2026. I'll be there.I don't know if these words do justice to what I just experienced, but if you're reading this -Go watch Dhurandhar. Not later. Now.",10
Enjoyed watching it...,The movie was gripping enough to keep me hooked for three plus hours... We watched in IMAX and found the bgm was done well... There were some good action sequences and gore scenes that kept my eyebrows raised... Very Indian and full of patriotic masala so one should take the story with the grain of salt... Had fun with the hooting and laughs in the theatre...,9
"Dhurandhar: A Bold, Immersive Thriller Elevated by Powerful Performances and Technical Mastery","Dhurandhar opens with striking intensity, pulling the audience straight into the unforgiving world of covert operations and the psychological weight carried by those who live behind enemy lines. Rumoured to be inspired by the life of Major Mohit Sharma, the film blends tension, atmosphere, and high-stakes drama with impressive control. Ranveer Singh delivers a steady, compelling performance, while Akshaye Khanna's near-silent portrayal of Rehman Dakait is magnetic-every look feels loaded with meaning. Technically, the film is exceptional: the score heightens the suspense, the cinematography and production design achieve an eerie authenticity, and the VFX integrates seamlessly with practical work. Smart use of real footage and audio elevates key moments into genuinely chilling territory, and the action sequences are raw, grounded, and executed with remarkable precision.Where Dhurandhar stumbles slightly is in its narrative density. With a large cast and multiple threads, the emotional core doesn't always receive the breathing room it deserves, and a few subplots-particularly the romantic track-feel less essential to the film's overall impact. A handful of violent moments edge toward excess, and the pacing occasionally stretches under the weight of its ambitions. Still, the film's strengths far outweigh its flaws. Dhurandhar stands as a bold, immersive, and technically outstanding thriller-one that leaves a strong impression and sets the stage confidently for its next chapter.",9
So...it's good...but...,"Let's talk about the positives first. Great acting all around, very well cast. I think this was one of Rakesh bedi's best performances. I don't get the hype around Akshaye Khanna in this movie. He is always stellar and did well in this movie but this is no where close to his best acting performance. I felt his performance was as good as Sanjay dutt or Arjun Rampal without being that much better. Ranveer definitely stood out and carried the movie well. I'm not a huge ranveer fan but he always performs really well. This was ranveer's ""Animal"". The story line was compelling especially considering it was based on true events. The movie was very long though and did drag in certain parts. I also don't get the need for hard core gore when it comes to showing the violence. I thought they could've done a better job of speaking more Urdu and less Hindi throughout the film to add to the authenticity of being in Pakistan. The music was average. Not a huge fan of the underlying Hindu nationalist subtext throughout the movie. This is not a movie I would want to watch again. That being said, I will be seeing the sequel for sure. I do feel it is way better than any yash raj spy universe movie but doesn't compare to movies like raazi and URI which shine in this ""spy/armed forces jai hind"" genre. Overall I would say this movie was towards the upper end of average but not above average in any metric.",7
Very lengthy and over stretched,"This should have been a web series. It had few moments of its own, but most of the time it was boring and over stretched.By the end of three and half hours, I had reached the point where I wanted to leave the hall without completing it.Akshay Khanna is very talented and underutilized actor in Bollywood. Whatever role is thrown at him, he adds soul into it. But, here he had the strange face expression in the entire movie. What Aditya Dhar was thinking?The story is twisted narrative of actual events and the person (Ajit Dobhal in reality) played by the R Madhavn is the real culprit who went to Kandhar to release Azhar masood during Atal Bihari government. Later Azhar formed JeM and did various terror attacks on India.Also, In one scene Madhavan asks his colleague to collect proofs and wait for the nationalist government, It is a the joke on the intelligence system of India. First of all no one would that. Also Everyone knows that the terrorist incidents have increased in India since so called ""nationalist government"" took over.Don't go to the theatre to learn the history because the fake version of it is shown in the movie. If you are an action spy movie fan, then only go for it.",3
Brilliant Movie - Must Watch,"Dhurandhar honestly shocked me in the best way possible. It's been a long time since a Hindi movie pulled me in this deep. The film is raw, intense and hits you straight in the gut. The scale is massive, the performances are crazy good (Ranveer and Akshaye Khanna absolutely killed it), and the whole world-building is so real that for a moment you feel like you're actually standing right inside the chaos.What I loved the most is that the movie doesn't shy away from showing the dark truth behind terrorism, politics and how our soldiers and officers actually risk everything. Some scenes are brutal, yes, but they are meant to be brutal. That's the point - it's not fake heroism, it's the real cost of violence.The cinematography, background score, the long but gripping storyline - everything comes together like a proper cinematic experience we rarely get nowadays. This is not a ""timepass movie,"" this is one of those films that stays in your head hours after you walk out of the theatre.India honestly needs more movies like this - fearless, strong and unfiltered. Dhurandhar isn't perfect, but it is powerful. And in today's times, that's more important.Highly recommended.",10
"Constant thrill for 3+ hr, intricately detailed in all aspects","A once in a decade spy thriller, and coming from the director of Uri, the movie is such an upgrade on revealing Pakistan's reality, the other spy-universes don't even come close to the unabashed portrayal of reality and the constant sense of danger our Indian spies must be going through each moment behind the enemy lines.More than a one-time watch as I am sure one could pick out more details in subsequent viewings and connect them with the real life characters the movie alludes to.",10
Worth watching,"It's been a long time since Bollywood pulled together a cast this big and truly made it count. Great chemistry, sharp pacing and strong performances kept me hooked. I'm still replaying scenes in my head. A film that's absolutely worth your time and deserves all the praise coming its way and definitely a movie I'd recommend without hesitation.",10
Marvelous - Dhurandhar in every sense,"All Indian spy movies that have been made in recent times are useless and far from reality - with RAW-ISI agent romancing each other and what not, so my hope were were not very high.Simply put - I was not aware of movie's length when I went to see it a local Vue cinema yesterday i.e. On 7th Dec. Show start time was 19:55, but the film actually started at about 20:20, intermission came and went and when film was finished I asked my wife for time and she said 23:55 - phew... I can't recalled going to to a 3+ hour film which got me so hooked that I forgot about time have passed by - tells you all about the story and screenplay.A must watch!! Can't stress much - this being my first every movie review and might be the only one for long time.",10
"Blockbuster Alert. ""Don't miss this one.""","Watch Dhruandhar and I must say After many years a film truly kept me engrossed for the entire 3 hours and 34 minutes. Totally worth watching.The direction by Aditya Dhar is commendable and the performance by actors is truly remarkable, especially Akshay Khanna-He absolutely nailed it.The music is so so good that it perfectly compliments the film and enhances the overall experience.This movie is definitely not for kids, but for everyone else - it's a complete theatre experience. Please don't wait for OTT release.After a long time, I walked out of the cinema genuinely satisfied.",10
Star Studded Piece of Art,"In a world of stylized and glamourised spy thrillers, specially in bollywood with all the big dance numbers and objectification of female stars. This movie by Aditya Dhar presents a Raw and power packed action spy thriller with absolutely well performed by brilliant actors Ranveer, Akshay Khanna, Arjun Rampal and Sanju Baba. But, the one actor that takes the crown of acting is our underrated superstar Akshay Khanna as Rahman Dakait. His silence in between scenes speaks so much that dialogues couldn't. It's a pure cinematics experience with the production quality top notch and music and background score taking scenes to a tier above. Shashwat Sachdeva's music has added the calm and charm to the movie. It's a long movie but it builds the characters so well that you are hooked to it. Can't wait for part 2 releasing in March 2026. It's an absolute must watch cinema experience. So definitely go and enjoy folks!",10
Best Spy movei of 2025 since after baby,"Best movie to watch i have watched this in theatre for 2 times still want to watch this again....not a single moment you feel bore in this movie the songs, the cinematography is so goated that I feel so amazed to see.you need to watch the movie in theatres for the best sound effect and the use of music in movie was so nice.",10
Best indian spy movie with the flavour of gangster drama,"Dhurandhar movie is proudly nationalist spy movie shows reality of terrorist & isi & 0.5 front & focusing on real face of them not showing lies like raazi & isi universe. Dhurandhar is extremely well made movie, which gives the entertainment of different genre like spy, action, gangster drama, thriller etc. Watching Dhurandhar is like watching a spy novel on screen chapterwise which excites us more & more, each chapter has its sub story which leads to final chapter story which provides this movie uniqueness & excites viewers with each chapter. Movie Direction, Art Direction, Editing, & Acting of each actor is superb. This movie music is top notch, every song either old, remix, & original elevate the characters, action sequences, & story. It really shows true face of isi & pakistan & their thoughts on indians not like some isi universe. I really like this movie as an indian & as an movie buff. Hats off to aditya dhar to finally giving us nationalist, traditional, & extremely well made spy movie to all Indians. Jai Hind!!🇮🇳🇮🇳🇮🇳",10
"A Relentless, Intellectual Bloodbath","If Uri was a surgical strike, Dhurandhar is an all-out siege. Spanning a massive 214 minutes, it avoids the ""3-hour slump"" by shifting its weight between visceral, R-rated action and a ""Trojan Horse"" plot that demands your constant attention. It is a rare action film that treats its audience as chess players rather than just spectators.Action: Grounded, Brutal, and Kinetic
Unlike the floaty, digital spectacle of modern blockbusters, the action here feels dangerously heavy.The ""Splatter"" Realism: From motorcycle chases through narrow Karachi alleys to the ""meat-hook"" sequences, the violence is unflinching. It doesn't rely on slow-motion ""hero moments""; instead, the choreography emphasizes the raw desperation of a spy fighting to survive deep undercover.Sound as a Weapon: The background score by Shashwat Sachdev-blending Arabic hip-hop with metallic, industrial beats-turns every shootout into a sensory assault that keeps the adrenaline levels high for the entire runtime.The Plot: A Labyrinth of Betrayal
The ""good plot twists"" you mentioned are the film's true engine. Rather than a simple good-vs-evil story, Dhurandhar plays with nested identities:The Long Game: Ranveer Singh's Hamza Ali Mazari isn't just a spy; he is a man playing a role within a role. The script keeps you guessing whether he has genuinely been ""turned"" by the brotherhood of Akshaye Khanna's charismatic Rehman Dakait.The Moral Grey: The biggest twist isn't a ""whodunnit"" but a ""who-am-I."" The film brilliantly dismantles the bond between the hero and the villain, showing how nationalism can lead to a betrayal that feels as cold as it is necessary.Standing Out in the Genre
While many spy films (like the YRF Spy Universe) opt for ""Barbieland"" glamour, Dhurandhar feels lived-in. Akshaye Khanna's performance as the calculating mobster is a masterclass in quiet menace, often stealing the screen from the more restrained Ranveer Singh. It's the interplay between these two-and the shocking ""Part 1"" cliffhanger-that makes the length feel earned.Final Verdict: Dhurandhar is a ""quantum leap"" for Indian action cinema. It's long, it's loud, and it's unapologetically violent, but it has the brains to match its brawn.",7
GAME CHANGER!!,"Aditya Dhar's Dhurandhar is a long, intense, and ambitious film that has earned strong but divided reactions from both critics and audiences.A Gritty, Geopolitical ThrillerSet against the backdrop of real historical events like the 1999 hijacking and the 2001 Parliament attack, the story follows a RAW agent who goes deep undercover into Karachi's Lyari underworld to dismantle a gangster-ISI terror nexus. The film is structured into distinct chapters and builds a gritty, complex world of espionage and geopolitical maneuvering.The Major Strengths· Powerhouse Performances: The cast is consistently praised as a major highlight. Ranveer Singh delivers a controlled, intense performance, often described as career-best. Akshaye Khanna is frequently called the scene-stealer, bringing a chilling, charismatic menace to his role.· Technical Craftsmanship: The film is noted for its high production values, visceral action choreography, and a pulsating background score that significantly elevates the tension.· Immersive World-Building: Director Aditya Dhar is commended for creating a detailed, believable, and ruthless world of Karachi's underworld and intelligence operations.Key Points of Criticism· Demanding Runtime: This is the film's most debated aspect. With a runtime between 212 to 214 minutes (over 3.5 hours), many reviews note that the narrative feels overstretched, particularly in the first half.· Uneven Pacing: The slow-burn, deliberate pace of the first hour, dedicated to character and plot setup, tests the patience of some viewers expecting a faster thriller.· Contested Romantic Subplot: The romantic track between Ranveer Singh's character and the politician's daughter (played by Sara Arjun) is seen by some critics as an underwritten element that could have been trimmed.Final Verdict & AudienceDhurandhar is not a light, breezy watch. It is a dense, serious-minded spy saga that requires and rewards patience. Most reviews conclude that if you can commit to its epic length and appreciate grounded, performance-driven geopolitical thrillers, it offers a compelling big-screen experience.However, if you prefer fast-paced, straightforward action or have limited tolerance for very long films, you might find it challenging. The film also ends with a clear setup for a sequel.I hope this non-spoiler review helps you decide. Are you generally a fan of long-form, detailed storytelling in films, or do you tend to prefer tighter narratives? Knowing this could help me provide more tailored insights.",10
Top notch,"Indian Intel spy film never been that thrilling and so near to the actual incidents. Kudos to the script writer, director. Even the Villains are mind-blowing. Akshay Khanna's screen presence is on another level. Every chapter is intense and never feels bored despite a 3.5 hr runtime. One request, don't ruin this in season 2.",10
All indians must watch this movie,Movie is superb akshay khanna acting is superb he is totally in the character the movie shows how india made somany security steps to track terror activities the story line is superb ranveer singh acting is excellent it's must watch movie to all indians and we should feel proud how our country has taken steps to kill these terror activities.,10
Best,"Best movies till date. Dhurandhar is one of those rare films that pulls you straight into its world from the very first frame. It is intense, gripping, emotional, and crafted on a massive scale. What stands out most is the powerhouse performance by Ranveer Singh, who disappears completely into the character. His raw intensity, vulnerability, and unpredictable energy make the film unforgettable.",10
"Emotion, Intensity, and All-Out Entertainment","Tension is woven into every scene, making the narrative impossible to predict yet always believable. The protagonist commands the screen with a magnetic intensity, fully embodying the moral dilemmas and physical demands of the story. The action sequences are intricate and thrilling, blending martial skill with cinematic artistry that keeps viewers on edge. Dialogue is sharp and meaningful, never filler, reflecting complex motivations and alliances. The cinematography skillfully juxtaposes violence with moments of introspection, while the soundscape accentuates every heartbeat of suspense. The plot's political intrigue is intricately layered, adding stakes beyond mere survival. Secondary characters are compelling, providing texture and realism to the story's dangerous world. Every element, from choreography to set design, is purpose-driven, culminating in a finale that is as emotionally charged as it is viscerally exciting.",9
Landmark film in Indian Cinema,"Easily the best espionage thriller film to have come out of our country
Markers have tried to keep it extremely close to reality
The action is gruesome .Despite of the fact that the film is 3hr 34 mins long the film is pretty nicely paced no sequence feels dragged maybe barring the love angle between Ranveer and Sara.The acting is incredible .Makers have voluntarily decided to not give the actors a pakistani accent which wasn't a huge problem for me.The way that the Pakistani underworld is shown is incredible .And Also the way some real footages have been included in the film will send chills down your spine .The length could've been shorter but still a great watch.",9
Big Screen Action with Powerful Acting,"The narrative unfolds with patient intensity, drawing viewers into a high-stakes world of politics and crime. Ranveer Singh's performance is layered and compelling, capturing internal conflict and determination, while Sanjay Dutt commands attention with his presence. Akshaye Khanna and R Madhavan deliver strong supporting roles, adding dimension to the story. Arjun Rampal and Sara Arjun bring additional emotional depth, making the consequences feel urgent. Aditya Dhar orchestrates a perfect balance of action, strategy, and character development. Cinematography captures both chaos and quiet reflection, while the score enhances every tense and emotional beat, making the viewing experience immersive and gripping.",9
Action-Packed Scenes with Emotional Depth,"This film excels in blending intense action with layered storytelling. Ranveer Singh carries the film with a dynamic performance, while Sanjay Dutt brings authority and menace. Akshaye Khanna and R Madhavan add depth and intelligence to the ensemble, and Arjun Rampal's quiet intimidation contrasts beautifully with Sara Arjun's poignant innocence. Director Aditya Dhar's control over pacing, tension, and character arcs ensures that every sequence feels vital. Cinematography captures both the chaos of the city and intimate human moments, while the music and editing enhance the immersive experience. By the climax, the narrative's suspense and emotional resonance reach a powerful peak.",9
Good movie but nothing like everyone's raving about,"Went to watch the movie reading and listening and reviews everyone's talking about ( Bollywood starts, critics) and saying it's a new standard in Indian cinema
Is not that, I'm not sure what the motivation behind it. There are much better movies made in India who no one don't talks about.Good movie otherwise but not what I was expecting.",6
Hopeless movie and a waste of Money,"I watched it for an hour. It was a tortured. Somehow I bore the movie for one hour fifteen minutes, since I had to finish the popcorn. This movie simply does not a anrouse any interest. False hype. It is so boring that I could not resist posting this review. All the reviews here seem to be fake. Poorly made movie. Do not waste your time and money.",
A Shallow Attempt at Patriotism That Misses the Mark,"While Indian cinema has recently seen a surge in high-quality, impactful patriotic films, every successful trend eventually produces imitators. This latest release is a prime example of a film attempting to capitalize on the ""patriotic mindset"" of the audience without putting in the necessary work on script, logic, or direction.The Plot: Familiar Territory
The core premise is one we've seen before: internal power struggles between rival Pakistani gangs serving as a front for the ISI. The narrative suggests that the Pakistani government uses these criminal skirmishes as a ""deniable"" way to funnel arms and ammunition into India to fuel terrorism. While the geo-political concept had potential, the execution turns it into a messy, confusing gang war rather than a taut political thriller.The ""Faltu"" Factor
The film fails significantly in three major areas:Dialogue Writing: The lines are uninspired and ""faltu,"" lacking the gravitas or sharp wit found in the modern classics it tries to emulate.The Music: The songs feel forced, breaking the momentum of a story that was already struggling to stay afloat.The Action: This is perhaps the film's greatest sin. In an era where audiences appreciate the grounded realism of movies like Sam Bahadur, this film opts for ridiculous, gravity-defying stunts that feel decades out of date.The Final Verdict: Save Your Head
The biggest disappointment lies in the final act. After a build-up of ""hoo-haa"" and hype, the movie culminates in a 25-minute fight sequence that is so unrealistic and loud it becomes physically draining. It lacks the emotional weight of Bajirao Mastani or the raw honesty of The Kerala Story.Conclusion: If you decide to watch this for the plot, do yourself a favor and turn it off for the last 25 minutes. You'll save yourself a headache and some valuable time. Compared to the high-quality patriotic films of recent years, this one is a hollow imitation that prioritizes noise over nuance.",4
No overthinking just fun,"Watching Dhurandhar feels less like viewing a movie and more like witnessing a lived experience. Netflix's OTT format suits this film perfectly because it thrives on quiet tension and introspection. There's no spoon-feeding here the film trusts the audience to observe, interpret, and feel. The writing is sharp, the emotions are restrained, and the conflicts feel painfully authentic rather than manufactured.",10
Full-On Action with Heartfelt Drama,"From the first frame, the film establishes a tense, almost hypnotic rhythm that only intensifies as the story unfolds. Ranveer Singh's nuanced portrayal anchors the narrative, making his character's internal dilemmas deeply relatable. The director demonstrates remarkable control over tone, weaving high-octane action with quieter, character-driven scenes. Supporting actors enhance the film's emotional resonance, bringing authenticity to every interaction. Visuals are striking, with every frame composed to heighten drama and tension, while the score complements the narrative without overpowering it. The film's layered plot, interweaving crime, politics, and human ambition, keeps the audience engaged throughout. By the finale, the story's full scope and consequences hit hard, leaving a lasting impression of intensity and sophistication rarely seen in mainstream cinema.",10
Must watch,Movie time was too long... Other than that movie was awesome... Every character was awesome.. Songs could be better...ending also could have been better... But hope next part will be good with lots of thrills and much more. Ranveer singh justified his role. Guys it's a good movie... Go watch it.....,8
A Star-Driven Ride of Pure Thrill,"From quiet, tension-filled moments to explosive action, the film is a masterclass in cinematic storytelling. Ranveer Singh's portrayal is compelling, conveying the internal and external conflicts of a man navigating a dangerous world. Director Dhar's vision is precise, blending suspense, action, and character-driven drama seamlessly. The supporting cast brings authenticity to the narrative, while the cinematography captures every nuance of mood and environment. The background score intensifies emotions subtly, allowing audiences to feel the stakes without distraction. Each scene contributes meaningfully to an unforgettable cinematic journey.",9
A Classic Spy thriller!,"Best movie of 2025. No doubt. Even though some parts feel lengthy, the quality of the film totally overshadows it. Totally worth it.And most importantly this movie is made for big screen only, don't wait for it to arrive on Netflix or so. The amount of action shown is made for big screen experience.",10
A Power-Packed Thriller That Hits Every Nerve,"I walked into Dhurandhar without even watching the trailer -only drawn by the song ""Jogi"" - and I walked out stunned. This film is a masterclass in how to blend action, politics, intelligence operations and raw human conflict into one explosive narrative.Akshaye Khanna delivers one of his most charming yet chilling performances. His character makes you hate him for what he does, yet somehow you never want to see him fall - that's how compelling he is. Ranveer Singh, Sanjay Dutt and Arjun Rampal match that energy with equal intensity, giving the story a solid ensemble base where every character matters.What really sets the movie apart is how deeply it dives into the silent suffering of a spy - the years spent undercover, the lost identity, the isolation. The plot doesn't shy away from the ugly truths: gore, betrayal, political manipulation, and the weight of patriotism. Every scene feels earned, every twist hits hard.Dhurandhar proves that a commercial thriller can still have a beating heart and heavy emotional stakes. If you're looking for a film that keeps you conflicted - rooting for monsters yet understanding their pain - this is one you shouldn't miss.A gripping and unexpectedly impactful watch. Highly recommended.",9
A Stunning Star Showcase Driven by Terrific Performances,"""Dhurandhar"" (2025) is a truly stunning cinematic experience, succeeding on the strength of its ambitious vision and the phenomenal acting of its leading men. The film is elevated by the presence of Ranveer Singh, who delivers a great performance, and the sheer excellence of Akshaye Khanna, who is simply terrific in his role.The film's stunning quality is evident in its production design and execution, suggesting a visually rich and high-energy production that pulls the viewer into its world. The dual star power of the leads is a major asset, with Akshaye Khanna's terrific presence providing the perfect counterpoint to Ranveer Singh's great energy.However, the film's high quality is tempered slightly by a ""little bit of uneven pacing."" This suggests that while individual scenes and performances are brilliant, the flow of the narrative occasionally falters, perhaps slowing down during exposition or rushing through necessary developments. This minor flaw, though present, is ultimately overshadowed by the spectacle and the powerful acting.Overall, ""Dhurandhar"" is a cinematic triumph anchored by two powerhouse performances. It's a visually stunning and thoroughly engaging film that is a must-watch for its stars and high production values.",8
"A Gritty, Real & Legit Spy Thriller","Dhurandhar is easily one of the most gripping films to come out in recent times. The story is raw, gritty and grounded, with dialogues and scenes that hit hard and stay with you long after you leave the theatre. It's safe to say this is one of the first legit spy films made with such conviction and attention to detail.One of the most powerful moments in the film is hearing the real conversation from the Mumbai attack displayed on the red screen - it's chilling, painful and extremely impactful. It instantly pulls you into the emotional weight of the narrative.The performances are outstanding across the board. Every actor delivers with such honesty that you forget you're watching a film. Special praise to the director for the bold storytelling and tight execution. The music team also deserves credit the score enhances every tense moment without overpowering the story.Dhurandhar is intense, brave and brilliantly crafted. A must-watch for anyone who appreciates strong filmmaking and meaningful cinema.",10
Everything is glorified ....,"Glorified.... everything is glorified .... the length .... the violence ..... the bloodshed .... the villains.... even their introduction scenes are glorified .... the bloodshed ..... the helplessness of Indian Government.... the movie could have easily trimmed by 30 minutes with trimming of bike chase scene, songs, villain introduction, the last fight sequence ... in that scene even the sidekick is glorified when he shoots with bombs attached to his body .... why he is glorified ... is he a silent hero ? ... the movie felt like a Dhoom franchise where villain is the main attraction .... Rehman gets an extra scene even after death .... but then it was good masala movie ... the thing which stayed with me was R Madhavan's intense stare in the opening scene in the plane ... I wish that raw intensity was there throughout te film.",6
"Ghayal hun, isiliye Ghatak hun!","Narrated in 10 chapters, Aditya Dhar's highly ambitious magnum opus is that rare espionage thriller that enjoys proper research, aided by superb casting. The Director's confidence in his narrative, can be seen in the nearly 2 hours long first half with both halves getting 5 chapters each for a period of 10 years. Hamza infiltrates Pakistan's notorious gang run by Rehman Dacait and rises through the rank as his confidante. The way he gathers the information about how ISI uses these gangsters for their weapons is quite intriguing. The extreme violence is in sync with the current demand and I wasn't bothered by it. Despite the lengthy runtime, the film remains engaging though exhausting. The second half does get predictable and doesn't match the first half.Ofcourse the other need of the hour, the whole politics of it is what leaves a bitter taste considering the original story was potent enough and the good performances carried the story forward. The jingoistic nationalism with Pakistan as the target was pretty much given and that is definitely not the issue. Yet, the opening disclaimer reads out loud and clear, that the film is inspired by true events and that it doesn't intentionally target anybody. When they resort to present this as the reality with the usage of actual terror attacks footage and call transcripts, it gets tougher to accept the politics behind this. Sure, the attempt is to trigger the strong emotional response which again was possible without over doing it. The film would have remained impactful even without the political appeasement it resorts to doing, not so subtly.",5
A Big-Screen Explosion of Star Power,"From the very beginning, the film immerses the audience in a tense, high-stakes world. The protagonist delivers a performance of striking depth, embodying both strategic brilliance and moral struggle. Action sequences are relentless yet purposeful, integrating seamlessly with narrative developments. Supporting characters are engaging and complex, each with distinct motivations that enrich the story. Visual storytelling captures both vast landscapes and intimate tension-filled moments, while the score amplifies suspense without overwhelming it. Political undertones and realistic underworld dynamics ground the story, enhancing authenticity. The pacing expertly balances slow-burn tension with explosive payoffs. By the climax, emotional and adrenaline peaks converge, leaving an unforgettable impact of cinematic excellence.",9
Emotional Drama Meets High-Octane Action,"The storytelling is meticulous, slowly revealing layers of intrigue, danger, and emotion. Ranveer Singh is captivating, portraying both internal conflict and physical courage with finesse. Sanjay Dutt adds gravitas and presence, while Akshaye Khanna and R Madhavan ensure the supporting cast is as compelling as the leads. Arjun Rampal's intensity contrasts with Sara Arjun's innocence, making the narrative emotionally resonant. Aditya Dhar's direction harmonizes action with tension and character development. The cinematography captures both grandeur and subtlety, while the score heightens suspense. By the climax, the film leaves a lasting impact with its combination of thrills and emotional depth.",9
This movie saved Bollywood,"This movie is hands down the best film of 2025-no competition, no debate. I watched it last week, and I'm already planning to watch it again because it deserves multiple viewings. It's one of those rare films that pulls you in from the very first scene and doesn't let go until the credits roll. Every moment feels intentional, every frame feels crafted, and every emotion hits exactly where it should.( This is chat gpt because had to reach 300 word limit)Yes, the tickets were a little pricey-but honestly, bro, anything for a good movie. When a film is this good, you don't think twice before booking the best seats you can find. And trust me, this is not the kind of movie you casually wait to watch at home. This is a pure theatre experience, the kind that reminds you why cinemas exist in the first place. The visuals, the sound, the atmosphere-none of it will feel the same on a smaller screen.People keep saying, ""I'll just wait for the OTT release,"" but let me warn you right now: you'll regret it big time. This movie was clearly made for the big screen. The energy in the theatre, the reactions from the audience.",10
Action Moments That Steal the Show,"The narrative grips you from the very first frame, unfolding layers of strategy, betrayal, and raw human emotion with surgical precision. Ranveer Singh's dedication to the role is evident in every gesture, conveying fear, courage, and calculation seamlessly. Dhar's direction ensures that action and emotional depth coexist, never feeling forced or superficial. Cinematic framing and lighting highlight the tension in both public and private spaces, creating a palpable sense of danger. The supporting cast excels, particularly in scenes that explore loyalty and ambition. The editing maintains clarity amidst complexity, and the film's political undertones resonate strongly with current realities, making it feel timely and relevant.",9
A Blockbuster Saga Full of Punch and Passion,"Every scene is crafted to maintain tension, delivering both emotional depth and kinetic action. The lead actor shines, navigating complex emotions and intense physical sequences with equal skill. Action choreography is precise and impactful, making every fight a narrative moment rather than mere spectacle. Supporting characters are compelling, providing narrative richness and unexpected depth. Visuals are striking, capturing both grandeur and subtle human emotion. The score underscores drama and suspense without overshadowing it. The plot's mix of political intrigue, personal stakes, and criminal undertones creates a gripping world. By the finale, every narrative thread converges in a satisfying crescendo of action, emotion, and cinematic brilliance.",9
"A Thrilling Experience You Feel, Not Just Watch","Chaos and strategy are masterfully intertwined throughout the film, keeping viewers on edge from start to finish. The protagonist delivers a riveting performance, blending charisma, fear, and determination seamlessly. Fight scenes and action sequences are expertly choreographed, providing both spectacle and narrative progression. Secondary characters leave memorable impressions, making every interaction feel consequential. Cinematography and visual storytelling are a treat, capturing expansive set pieces and intimate, tension-filled moments alike. Sound design and score heighten the drama, ensuring that suspense is palpable. The screenplay's intricacy ensures that even minor details resonate in the climax. Political and criminal undertones lend realism to the story, enhancing its emotional stakes. By the finale, the film achieves a perfect balance of exhilaration and emotional resonance, leaving viewers both breathless and reflective.",9
Emotional Depth with electrifying Action,"This is a film that thrives on contrasts-quiet moments of introspection juxtaposed with explosive action and high-stakes tension. Ranveer Singh anchors the story with a performance that is raw yet calculated, capturing the inner turmoil of a man caught between duty and conscience. Direction ensures every subplot has purpose, while editing keeps the long runtime compelling. The supporting cast provides depth and complexity, enhancing the narrative's stakes. Cinematic techniques-from handheld camera work to sweeping aerial shots-immerse viewers in both the underworld and the emotional landscapes. The climax delivers both adrenaline and emotional resonance, leaving a lasting impression.",9
The Perfect Blend of Thrill and Heart,"The film grips you from the very first scene, immersing you into a world of tension and intrigue. Ranveer Singh delivers a powerhouse performance, balancing intensity with subtle vulnerability that makes his character feel profoundly human. The supporting cast adds layers to the narrative, each scene enriched by their nuanced portrayals. Director Dhar weaves together action, suspense, and political undertones seamlessly, creating a cinematic rhythm that never falters. The action sequences are meticulously choreographed, combining adrenaline-pumping fights with strategic tension, while the cinematography captures both the grit and grandeur of the setting. The editing maintains perfect pace, ensuring that even the quieter, character-driven moments hold immense weight. The film's score complements the visuals masterfully, heightening suspense without overwhelming the story. By the end, you are left both exhilarated and contemplative, a testament to the director's vision and the cast's dedication.",9
Loud high octane macho patriotism,"Movie feels dragged and lengthy(3h:30min). Above average worth a watch. Made to cater people of age 20-50 Yrs. Young adults would like to watch twice for loud bachground score and eye squinting violence. Not for kids and senior adults because kids must not be exposed to such violence and senior adults will get headache from the loudness.Story -7
Acting -7(Akshaye Khanna 10)
Direction - 8
Music-7.",7
Most of it is copied from SISU,"The music is copied from SISU, the BGM, the presentation is copied Chapter wise as well. Ranveer Singh has copied the whole personality of Turgut from Dirilis: Ertugrul but has looked a cheap copy. The only good thing about the movie is Akshaye Khanna, what an actor. It is more of a propoganda film, as if the government has assured Aditya Dhar some more movies in his kitty without any issues like Censor board, etc. In one scene, Madhavan says we are waiting for a government that will help us fight against terrorism, as a matter of fact, most of the terrorist attacks have really happened under the government he is talking about. Even the 1999 Kandhar attack and 2001 parliament attacked happened under that government which Madhavan's character is supporting in the movie. When there is propoganda attached to any artistic venture, it doesn't remain art, it becomes cheap business. That's what Dhurandhar is.",1
Drama That Keeps You on the Edge,"From start to finish, the film expertly balances suspense, strategy, and action. Ranveer Singh commands every scene with intensity and nuance, while Sanjay Dutt provides authority and menace. Akshaye Khanna and R Madhavan enhance the ensemble with subtle performances that elevate the narrative. Arjun Rampal's controlled menace creates tension that persists throughout, while Sara Arjun's emotional authenticity raises stakes. Aditya Dhar orchestrates narrative threads and action sequences with precision. Cinematography captures both the chaotic underworld and intimate character moments. The score heightens suspense, and the finale delivers both adrenaline-fueled action and emotional payoff.",9
Easily The best movie of this year,"Even though the movie is over 3hrs ,but a second does not feel boring. Its is packed with everything action , triller,a little bit of comady and ofcourse full of best quality acting by the stars. We all know akashay khanna stole the show ,but respect to those actors who made the movie so interesting. It's highly suggested that you go and watch this movie.",10
M Aditya Dhar Did What Bollywood Was Too Afraid To Do,"This movie is what happens when a director actually has the spine to tell the truth instead of playing it safe for multiplex audiences and foreign markets.Dhurandar doesn't apologize. It doesn't soften the edges. It shows you exactly what happens when a spy operates in the shadows - the guilt, the isolation, the impossible choices. Aditya Dhar built this film on real incidents, real audio recordings, real photographs. That's not cinematic liberty - that's documentation dressed as cinema.The violence? Absolutely necessary. People cry about ""graphic scenes,"" but it's literally nothing - a car accident on the road is more brutal than 80% of what's shown here. That's barely 3-4% of what actually happens in real life. The brutality in this film has purpose - it's reflective, not mindless. It's there to shake people up, not glorify gore.And here's the uncomfortable truth: people want to cry ""too graphic"" because they've been fed sugar their whole lives by Bollywood directors too afraid to upset Pakistan or their own conscience. This is a spy movie. Spies don't solve problems with dialogue and philosophy - they solve them with action, and sometimes that action is ugly. That's the reality. If you can't handle that, you're simply not mature enough for this film, and that's fine - no one's forcing you to watch. Go watch Kapil Sharma if you just want a laugh. This film is for those who have the spine to face reality..What killed me about this movie is how human it is. The lead doesn't become invincible. He doesn't single-handedly destroy an entire system while cracking jokes. He suffers. He carries the weight. He waits. He makes calculated moves. That's the actual craft of espionage, and no Bollywood film has ever shown it this way.The performances are something else entirely. Every actor understands the assignment - this isn't about being likeable. It's about being real. You can feel the exhaustion, the purpose, the cost. That's masterclass acting right there.And here's the thing people won't say out loud - this film is necessary. Not because it's anti-Pakistan or pro-India propaganda. It's necessary because it shows our young generation that there ARE people willing to bleed for this country, and their stories deserve to be told without apology or filter. That's not nationalism - that's truth.YRF and the ""progressive"" brigade will never make this film. They're too busy worrying about what Twitter thinks and whether their next release will play in Gulf markets. Aditya Dhar didn't care about any of that. He made a film for Indians, about Indians, showing the reality of what Indians face.This is the most honest spy film Indian cinema has ever produced. Period.⭐⭐⭐⭐⭐ - Raw. Uncompromising. Absolutely necessary.",10
"Dhurandhar is not just a movie, it's a hard slap of truth.","It hits hard because it doesn't rely on ""cinematic exaggeration."" Instead, it builds its story on real incidents - from the Kandahar hijack, to the 2001 Parliament attack, the fake currency network, and even the Lyari gang war links to 26/11.What makes it truly intense is the use of real footage, real images, and real audio of terrorists, that detail alone changes the whole experience. You don't just watch the film, you feel the weight of what actually happened.If you want a thriller that's not just entertaining but also shocking, informative, and unforgettable. Dhurandhar deserves your time.",10
The world of action thriller is back with Aditya Dhar and his team. Worth it !!,"The movie was really amazing and engaging, like every moment was something new and eye catching. The suspense was intense in every seen . The overall acting was really really great with all the top quality actors . Even the newcomer actress performed really well compared to the other nepos of industries or any other genz's nowadays. Anyway the action , directory, script, visuals all were perfectly fitted and was a spectacular performance. Enjoyed every moment in the cinema hall and felt like actually feeling or connecting with the movie . And absolutely deserve recognition for it's spectacular, and beautiful acting skills of all the actors and actresses. Really love the roles of every single character . Each one of the actor played every role with lots of dedication that can be seen in the movie. Really really amazing. I recommend people to definitely not miss it out . Go watch quicklyyyy !!!",10
Once in a Generation movie.,"Went to watch Dhurandhar in imax 6 am show . Who wakes up at 4:30 am on a sunday in Delhi winters to watch a movie !! I did & it was all worth it ! The movie is 3 and half hours long but it won't feel like. You won't take your eyes off the screen. What a performance by entire cast and hats off to Aditya Dhar for the vision and putting such a cinematic experience on the screen. Akshaye Khanna finally getting the roles and credits he deserves for his work, he completely stole the show. What an aura ! Ignore the negative reviews and just watch it you won't regret it. Dhurandhar restores your faith in Bollywood. Don't miss the ending there is a high chance that things are going to get crazy in the next part.",10
Perfect example of how covert spy movie should be made,"Director is the character of the movie. With Uri as his first directorial movie, he gave what NEW BHARAT represents, jo dushman ke ghar me ghusta bhi hai aur marata bhi hai.Some original and some originally inspired government officials characters makes it realistic. Covert spy doesn't provided all setup , all spoon feed mission intel on land, otherwise this time the wait is longer and spy has to make his way up in gangsters of Lyari town of Pakistan. Infaltrating enemy within is the motto here. Its not usual bollywood-ish spy thriller with high octane one sided action scenes, and heroine in bikini sequences. Here we get to see 3 hours and 32 minutes long saga of a man conspiring on his each step with calm mind and clear intentions to reveal enemy plans informing back to India.Special mention for Akshay Khanna as villain manages to hit the impact on viewers even if hes not the hero of the film. Ranveercs character Hamza Ali Mazari, takes back foot in screenplay which feels correct since he has to implement his mission in most intelligent manner.R Madhavan as Ajit Doval's inspired character Ajay Sanyal impacts you whenever he's on screen. Rage inside his eyes during annopening scene when he's been mocked by terrorist on plane, was top notch. With Mission Dhurandhar, he is in fact going to show enemy that ""Indians ke gude me kitna jor hai""Movie at one point shows 26/11 incidents first hand by using RED ACREEN EFFECT, which I don't think been implemented so great in any of the past films.Kudos to Jio Studios and Director Ditya Dhar and all casting for giving such a wonderful wonderful film to root for!",10
Not Worth the Hype,Dhurandhar is a watchable movie that does not live up to the hype. It has copied the violence in Animal and there is not enough depth and character development despite being 3h15 (version that I watched at the Cinema).I have so much more to say but then there would be too many spoilers in my review.Just keep in mind that you will not be missing anything if you do not watch this movie. Nobody will remember it in a few years.,6
"All Style, No Substance","Dhurandhar starts with promise but quickly falls apart due to uneven pacing, random song placements, and a story that never finds real direction. Instead of building a grounded narrative, the film relies on exaggerated patriotism and fabricated drama, which makes the experience feel forced rather than engaging.Despite a decent track like Gehra Hua, the overall film feels long, disconnected, and emotionally empty.Not recommended-it plays more like a sentiment-driven commercial product than a well-crafted thriller.",2
A Cinematic Storm of Emotions and Thrills,"Every frame of the film reflects careful thought, from visual composition to character arcs. Ranveer Singh's performance is magnetic, anchoring the story with intensity and subtle emotion. The supporting cast enhances the film, providing depth and texture to a richly layered narrative. Director Dhar demonstrates a keen understanding of pacing, ensuring that suspense and action are interwoven with emotional beats seamlessly. The cinematography captures both chaos and quiet moments beautifully, while the soundtrack heightens tension and emotion. The story builds steadily, culminating in a finale that is powerful, shocking, and deeply satisfying.",9
High-Voltage Drama and Explosive Action,"The film's meticulous attention to character development sets it apart, creating a narrative that is both thrilling and emotionally resonant. Ranveer Singh shines, embodying his character with a mix of determination, fear, and humanity. Director Dhar orchestrates tension with finesse, balancing explosive action with quieter, introspective moments. The supporting cast delivers memorable performances that enhance the story's complexity. Cinematography and score elevate the narrative, highlighting the stakes and mood of each sequence. The climactic sequences hit with both impact and emotional gravity, leaving a lasting impression.",9
Heart-Pounding Action and Strong Drama,"The narrative unfolds with careful pacing, building suspense, action, and emotional stakes simultaneously. Ranveer Singh delivers an intense and nuanced performance, capturing moral conflict and strategic calculation with equal skill. Sanjay Dutt brings gravitas, menace, and authority, dominating key scenes. Akshaye Khanna and R Madhavan enhance the ensemble with subtle, intelligent performances. Arjun Rampal's quiet menace maintains tension, and Sara Arjun's emotional authenticity heightens the stakes. Aditya Dhar directs with mastery, orchestrating suspense, drama, and action seamlessly. Cinematography captures both expansive cityscapes and intimate moments, while the score punctuates tension. By the finale, the story delivers a gripping, emotionally resonant payoff.",9
"Emotions, Thrills, and Big Screen Magic","The film's structure allows tension to build naturally, culminating in a high-stakes finale. Ranveer Singh delivers a layered, intense performance, capturing both vulnerability and determination. Sanjay Dutt commands presence and authority, while Akshaye Khanna and R Madhavan contribute subtle, intelligent performances. Arjun Rampal's quiet menace elevates suspense, and Sara Arjun's poignant moments provide the story's emotional core. Aditya Dhar blends complex plotting with visually stunning action sequences. Cinematography captures expansive chaos and intimate moments, and the score enhances suspense. By the second half, the narrative escalates into thrilling action and emotional resonance.",9
The spy movie you deserve,"I just watched Dhurandhar on the first day and I am still trying to pick my jaw up off the floor. A 3-hour-30-minute movie that feels like it's 90 minutes long? Somehow they have pulled it off. The way different storylines are woven together is amazing. Every thread gets tied up and nothing feels forced. The tension just keeps climbing and the background music always keeps you engaged.What really got me was how real everything felt. Real events are seamlessly made a part of the movie. It genuinely feels like you are inside the movie where one wrong move could end up in a catastrophic disaster for the titular characters. Each character got ample screen time to establish themselves in the movie. Dhurandhar is easily one of the best movies I have seen in years and I am already telling everyone that nothing like this is going to come out for the next 3 months. Go watch it on the biggest screen you can find, you ll thank me later.",9
BEST MOVIE TILL DATE!,"Dhurandhar continuously keeps you involved in its storyline, gripping your attention from the very first scene right up to the closing moments. Every sequence feels purposeful, thoughtfully crafted, and emotionally engaging. The pacing is remarkably smooth, giving you no chance to drift away or feel disconnected. In fact, the scenes couldn't have been executed any better-there is truly zero room for improvement in terms of visual storytelling and narrative flow.One of the film's strongest assets is its casting. All the actors, including those in supporting and side roles, are perfectly chosen and deliver performances that feel natural and convincing. Each character adds value to the plot rather than simply filling space. The leads maintain a strong screen presence, but what makes Dhurandhar feel so complete is how well the ensemble complements them. Their chemistry and timing elevate the film to a whole new level.The use of music deserves special appreciation, particularly the placement of the title track. It arrives at exactly the right moment, enhancing the emotional intensity of the scene without overpowering it. The soundtrack blends seamlessly with the film's tone, helping to build atmosphere and deepen the audience's connection to the characters.Visually, the cinematography in Dhurandhar is vibrant and immersive. Every frame appears carefully designed, making even the simplest moments aesthetically pleasing. The direction is confident, and the storytelling feels tight, with no unnecessary subplots or forced drama.Overall, Dhurandhar stands out as a complete cinematic experience-engaging, beautifully acted, and emotionally resonant. It keeps you hooked, makes you care about its characters, and leaves you with a strong impact long after the credits roll. It's rare to find a film that excels so consistently across performance, music, pacing, and visuals, but Dhurandhar manages to do it all effortlessly.",10
Strong performance,"This how spy films are meant to be, potrayed the characters realisticly and never felt any scene out of the box. Ranveer singh performance is energetic and engaging along with Sanjay dutt, akshay khanna and R Madhavan. This movie has set a benchmark for how the spy films should be unlike the movies we see where the whole movie revolves around female character and artificial patriotism.",10
"Stars, Action, and Unforgettable Moments","The story grips you from its opening moments, pulling you into a world where danger lurks around every corner and loyalty is constantly tested. Ranveer Singh delivers a powerhouse performance, effortlessly balancing intensity with vulnerability, making his character both relatable and formidable. The action sequences are meticulously choreographed, keeping the tension high without ever feeling overblown. Director Dhar weaves a narrative that is as emotionally engaging as it is thrilling, giving depth to each subplot while maintaining a relentless pace. The cinematography perfectly captures both the gritty underworld and the quieter human moments, making every frame visually striking. The supporting cast complements the leads beautifully, adding layers to the political and criminal landscapes. By the second half, the stakes feel monumental, and the climax delivers a payoff that is both shocking and emotionally satisfying. This is a film that commands attention and leaves a lingering impact long after the credits roll.",9
Great to Watch,"Overall movie was great to watch, this is what we expect from a spy movie not like those of Spy universe. This movie felt more like a webseries than a movie. Drama is the main USP I feel so, more than the Action too... the drama was very good. But but... talking about the negatives... this movie uses SOME of those typical elements that we often see in other Typical Indian Spy movies, also that typical Bollywood mark was somewhat there in it. Lastly, I would keep this in the ""Go for it"" category. #MOC.",7
Not worth the hype,"Dhurandhar arrives wrapped in loud promotions and sky-high expectations, but sadly, the film struggles to live up to the buzz. What promises to be a gripping, high-energy entertainer ends up feeling oddly hollow and uneven. The background score and cinematography are serviceable, but they feel more like noise and visual gloss than meaningful storytelling tools. Even the action sequences, which were heavily marketed, lack originality and fail to leave a lasting impression.",4
A Masterpiece Cult classic by Adithya Dhar and Whole Team,"The Story telling of this movie is insane , all the characters seem so real and extraordinary. Sir Akshaye Khanna , Ranveer singh, Arjun Rampal and Sanjay Dutt and all others has done a wonderful job. The Bgm is world class. The plot is so well presented. Definitely a pride moment for Indian Cinema.",10
"Outstanding , real , shocking. What a movie, every Indian should watch it. Cinematography, acting and the pace of movie is perfect. Bollywood should learn from dhurandhar.","What a movie, every Indian should watch it. Cinematography, acting and the pace of movie is perfect. Bollywood should learn from dhurandhar.What a movie, learn from dhurandhar.What a movie, every Indian should watch it. Cinematography, acting and the pace of movie is perfect. Bollywood should learn from dhurandhar.What a movie, learn from dhurandhar.What a movie, every Indian should watch it. Cinematography, acting and the pace of movie is perfect. Bollywood should learn from dhurandhar.What a movie, learn from dhurandhar.",10
"⭐ 10/10 ""Finally, a Spy Thriller India Can Be Proud Of!""","Dhurandhar is the kind of Indian spy movie I've been waiting for years. At a time when most spy films either become too loud or too unrealistic, this one strikes the perfect balance between intelligence, tension, and entertainment.What impressed me the most is how sharp and grounded the storytelling feels. There's no unnecessary melodrama, no forced comedy just pure, tightly woven espionage with a constant sense of danger. The screenplay is layered, the pacing never drops, and every twist actually feels earned instead of thrown in for shock value.The lead performance is outstanding. The protagonist carries the entire film with an intensity that feels natural, not exaggerated. Even the supporting cast delivers everyone has a purpose, and not a single character feels wasted.The action sequences are clean, gripping, and realistic. The background score elevates every moment without overpowering it. And the cinematography... absolutely stunning. It gives the film an international look while staying rooted in Indian intelligence operations.What truly makes Dhurandhar special is its respect for the audience's intelligence. It trusts you to follow the clues, understand the stakes, and stay invested. I found myself fully absorbed from the first frame till the last.After a very long time, an Indian spy movie has genuinely impressed me. Dhurandhar sets a new benchmark and proves that India can create world-class espionage thrillers without copying anyone.A must-watch.Pure class. 10/10.",10
"Part 1: Fiction, But Grounded - And Very Watchable","Is the 3 hour 40 minute runtime justified for just Part 1 of a spy thriller? The real answer will only come with Part 2 - but one thing is clear: the film remains consistently engaging. I've enjoyed many 3-hour-plus films in the past, so the length wasn't an issue for me. The pacing is taut, and the violence is relentless but not without dramatic purpose. Most of the lead actors fully commit, and that effort shows.The film is divided into chapters, but this choice adds little value. The narrative flows linearly, characters overlap across sections, and the chapter breaks feel more cosmetic than structural.Is it propaganda? Yes and no - and it depends on one's lens. The film is a highly fictionalized account that draws from multiple covert operations and real geopolitical situations: the Baloch struggle, Lyari's underworld, and ISI-backed militancy. Madhavan's character, clearly modeled on Ajit Doval, does push the familiar narrative of a weak UPA vs a strong NDA - just as Uri and Article 370 did - but it never derails the storytelling. This is a well-crafted film first, with strong direction and technical finesse.Performances are uniformly solid. Ranveer Singh is excellent when he plays it grounded - and though he stays mostly in the background here, his presence is central. Akshaye Khanna shines (as he always does), reminding us of his incredible range and how underutilized he has been over the past two decades. The biggest surprise is Rakesh Bedi, who balances humour and cunning beautifully and holds his own among heavyweights.The only disappointment in the cast is Sanjay Dutt. He seems disinterested, and his scenes feel flat - though capable direction and stronger co-actors keep them afloat.The music choices elevate several sequences, though the wedding ""item"" number could have been replaced with a slick retro track. The action is intense and impactful, but almost every gunfight is marred by excessive shaky-cam, which dilutes clarity and tension. And the final hand-to-hand combat sequence goes on far too long - clunky, old-school choreography that doesn't match the sophistication seen earlier. Interestingly, a much shorter revenge set-piece earlier in the film packs a far bigger punch.The ending provides closure while leaving us truly curious about Ranveer's past and his next move.Part 2 arrives in March - and I'm all in for it.",8
A journey that hits harder than expected,"Dhurandhar combines razor-sharp storytelling with breathtaking action, creating a cinematic experience that demands attention. Ranveer Singh's nuanced portrayal of a morally conflicted operative elevates the narrative, while the supporting cast adds layers of complexity. Director Dhar navigates the balance between suspenseful strategy and high-stakes combat seamlessly. Each fight feels purposeful, each dialogue carries weight, and the cinematography accentuates both tension and emotion. The score underlines the narrative without being intrusive, ensuring the film's long runtime never feels excessive. It is a masterful convergence of direction, performance, and technical finesse.",9
Nailed it,A great attempt at story telling using actual footage and audio from real incidents. Correct depiction of extremist ideology present in Pakistan. All the characters nailed their parts and many things and shots shown in teaser and trailer will be covered in the next part. A great movie just like Uri: The surgical strike.,8
Star-Studded Entertainment for Everyone,"The storytelling is immersive and layered, drawing viewers into a web of crime, politics, and personal vendettas. Ranveer Singh's performance is electric, balancing ferocity with quiet introspection, while the director's commitment to detail ensures the narrative never loses focus. The action sequences are grounded yet thrilling, blending realistic choreography with cinematic flair. Secondary characters, each distinct and purposeful, add depth to the storyline. Cinematography captures both the grandeur of cityscapes and the claustrophobic tension of alleyways and hideouts. The editing masterfully maintains suspense, gradually building toward an explosive second half. Every beat feels intentional, from the subtle glances between characters to the high-stakes confrontations. The film's ability to mix political intrigue with personal drama results in a rich, unforgettable viewing experience, leaving audiences in awe of its scale and precision.",10
Something New in Hindi cinema,I liked the movie which have actually like black Friday meets gangs of Wasseypur. The screenplay is not great but smartly written. The screenplay structure is very new as compared to other hindi releases nowadays it's not completely action but have really good drama which will engage the audience throughout. Aditya Dhar knows what he is doing as a director and completely in control of his direction with help of superb performance by akshaye khanna. They have not shown full potential of Ranveer in this part but i know he will explode in the next one and it's a request to bollywood don't forget to give work to Shashwat Sachdev this guy can do what Anirudh is doing in south exceptional soundtrack by him.,7
Blood wrenching Story telling,"Right story, much needed facts to be shown, but the way it was edited was a blunder for me. Was there a need to eloborate the blood wrenching scenes to give it an effect of the hooliganism? Was there a need to use foul language in every scene unnecessarily? Was there a need to show slow motion moves of akshay repeatedly? The first half was too slow and the 2nd half was too stretched with no suspense or thrill. Just pure violence in a glamorous way. A 1.5hr movie extended to 3+ hrs.",4
BEST SPY THRILLER MOVIE IN BOLLYWOOD TILL DATE,"Have not seen this kind of cinema made in bollywood ever, aditya dhar just killed it. The depiction of story was very interesting and realistic. Background music made it more interesting, never felt bored even for a minute while watching the film. The integration of real life footage of terrorist attacks was too much needed. 10/10.",10
Enthralling Movie,"It's one of the best movies made on espionage...well-researched and well-written, with great acting and great direction...Dhar's direction is a masterclass in tension-building, structured in chapters that mirror a documentary's urgency. The screenplay, co-written with the director, weaves real archival footage with visceral recreations, blurring lines between fact and fiction in spine-chilling sequences-like a red-tinted assault where haunting audio of victims' voices pierces the silence. Action set pieces are choreographed with brutal realism: no glossy CGI excesses, just bone-crunching hand-to-hand combats and sniper duels that leave you breathless. It's a film that prioritizes ""we will enter your home to kill"" over subtle and useless diplomacy. Ranveer Singh is subtle and layered...easily his best performance...Akshaye Khanna is charming and ruthless at the same time...Arjun Rampal looks like a demon...Madhvan looks uncanny like Ajit Doval...Rakesh Bedi is great in the role of a cunning politician...Sanjay Dutt is Sanjay dutt on screen which suits his character...Sara Arjun also plays her role pretty well...Danish Pandor, Saumya Tandon and actors playing khanani brothers are good too..",10
Go and watch,"Just watched Dhurandhar what a eye opening BLOCKBUSTER!From cinematography to music to the powerful storytelling, everything felt top-class.Aditya Dhar sir, I'm truly amazed by your direction.Would love to work with you in any capacity crew, logistics, anything. It would be an honour to assist you someday! 🙏🎬Anti critic ki MKC💀",10
Grounded Spy thriller. A must watch,"Right from the start story grips you the scenes are intense you'll feel like you're living the situation. Action is more grounded not like typical masala movies,cast is fabulous, cinematography is beautiful it feels like pakistan. Overall the best indian movie to come in quite a few years. And lastly BGM hits hard at right time. Great work done.",10
Entertainment Entertainment Entertainment,"A must watch. Not a single second of boredom with this much long running time not a single second. Acting 10/10, Direction 10/10, Cinematography 10/10, Action 10/10, Story 10/10. Everything was perfect. Really liked the movie. Red screen was cherry on top to show the original recordings and talk between the perpetrators. Really a wonderful film and a must watch.",10
Top Notch thriller.. Go for it,This movie is absolute banger. Best espionage thriller ever from Bollywood. Out of syllabus for Aditya Chopra's YRF spy universe. It defines how a spy movie should be presented. Each and every frame is so beautifully and perfectly crafted that you're glued to seats during the whole 3hr 30 mins. Each actor played their best. They felt more like characters than themselves. Screenplay is tight. Direction is top class and stylish. Music sets the perfect mood. Action sequences felt real. 10/10 for everything. Don't miss this one. This will be a benchmark movie in bollywood for spy genre and deserves to be watched in theatres. 1000 times better than YRF or Dharma productions crappy movies.,10
Highly stimulating Spy thriller: blown away Experience!,"Dhurandar( means hard working, loyal etc)
Let me just say.... I was blown away!!! Watching this movie.Show started at 7pm and finished at 10.30pm..Almost 3.5 hours and every minute was captivating!!! The story the characters.. the emotion the intensity and the graphic violence!!!When i watch a film i watch the finer details. I try to find the flaws ... however Dhurandar passed all the major aspects and exceeded my expectation and i hate yet excited to say i hardly found any flaws.The direction, the locations, the impactful scenes, the songs, background score.. was almost perfect throwing in the 90's pop hindi songs, the Baloch song made me gasp and smile and stare at the screen wide eyed!All the actors perfomed brilliantly blending into the theme and each of them playing an important role.... Watch out for R. Madhavan and Arjun Rampal!!!Ranvir Singh as Hamza is raw and intense.. his best work since Gully Boy and Padmavat... And Akshaye Khanna as the villain ... wow!! I am not surprised though... He is such a refined actor..
The raw vs the refined !!!! Based on true events and characters made it even more engaging and incredible to watch!!!!!No over the top scenes or useless song and dance.. this is such a well balanced and performance based film stimulating the mind.....
A Spy thriller that is simply quality cinema and has undeniably raised the bar !!!!!Cant wait for the sequel releasing in March 2026!!Wow i actually wrote an essay here!!!!Now i can finally breathe.",9
"""Not All Roles Need Loud Dialogues""","Subtle acting works best in espionage dramas, and Ranveer Singh clearly understands that restraint extremely well. His performance is rooted in control rather than exaggeration, which suits the genre perfectly. Espionage is not about constant loud dialogues or dramatic outbursts; it is about silence, observation, internal conflict, and calculated decisions. Ranveer sticks to this realism and plays his character with discipline, allowing the audience to read what is happening beneath the surface rather than spelling everything out.Akshaye Khanna adds solid depth and balance to the film. His presence strengthens the narrative and complements the lead performance effectively. The chemistry between the two feels organic, and their performances help maintain the serious, grounded tone the story aims for. Instead of competing for attention, both actors serve the film's intent, which is refreshing to see.The problem lies not in the performances but in how modern audiences often judge cinema. Many online reviews seem to equate good acting with loud dialogues, aggressive expressions, or ""mass"" moments. Espionage films demand patience and attentiveness, as much of the tension exists internally rather than on the surface. When viewers approach such films expecting instant gratification, they risk missing the subtle layers that make the genre effective.Online audiences, especially younger reviewers influenced by social-media hype, would benefit from watching such films with more observation and less overreaction. Not every role needs to shout to leave an impact. Quiet, restrained performances often require more skill and understanding of character.Overall, this film deserves appreciation for attempting realism and for performances that respect the genre. It may not cater to everyone's expectations, but for viewers willing to engage thoughtfully, it offers a controlled and sincere cinematic experience.",9
Akshay Khanna Shines While the Script Lags,"Dhurandhar is a mixed bag-a watchable drama lifted by powerhouse performances by Akshay Khanna and Arjun Rampal, but ultimately weighed down by pacing issues, a one-sided narrative, underwritten characters, and needlessly brutal violence. Ranveer's acting is also a letdown. Apart from a single emotional scene where he breaks down, his performance remains monotonous and fails to bring depth to his character. Watch it for Akshay Khanna's stellar acting, but temper your expectations regarding rest.",5
Damn it is a must watch,"3 hours worth of cinema, even the post credits, must watch, aditya dhar nailed it, yrf fans please stay away, 1000 times better than pathaan, tiger..ranveer, akshay, and sanjay dutt nailed it in every scene, all negative reviews are either paid or pro pakistani, just book the tickets and go, don't think much.",9
I am in DHURANDHAR FEVER....,"Greatest film of all time , surely best film in couple of decade. Story , action , dialogue all fantastic. I enjoyed it with my friends . I am sure you will also enjoy.Exceptional Performances The entire ensemble cast has been widely lauded, particularly the dynamic between Ranveer Singh and Akshaye Khanna.Dhurandhar is a must-watch theatrical experience for those who appreciate a bold, intense, and emotionally rich spy thriller.",10
Bollywood needs more films like this,"Bollywood needs more films like this where film makers aren't playing it safe with to get the flim PG rated, where they aren't playing it safe to get through censor board. Where not only the main protagonist but also the side characters get plenty screentime. We need films driven by story, not stardom.Also I one of the first thing I noticed about the film is that the music is great compared to the current bollywood standards.",8
"""Power in Restraint: Dhurandhar Is Intelligent Cinema at Its Best""","With Dhurandhar, director Aditya Dhar delivers a riveting, intelligent political thriller that stands among the finest examples of contemporary mainstream Hindi cinema. Controlled, confident, and uncompromising in its seriousness, the film proves that scale and substance need not be mutually exclusive.Dhar's direction is exemplary. He demonstrates absolute command over tone, pacing, and narrative intent, refusing to dilute complexity for easy gratification. The film thrives on measured tension, moral ambiguity, and disciplined storytelling, allowing characters - not spectacle - to drive the drama. Every frame feels purposeful, and the director's restraint becomes the film's greatest strength.The background score and music are near-flawless in their execution. Used with precision, the music enhances atmosphere without overpowering the narrative. Silence is treated as a storytelling tool, and the score steps in only when necessary, elevating key moments with quiet authority.Performance-wise, Dhurandhar belongs unequivocally to Akshaye Khanna. In a career defined by understated excellence, this ranks among his finest work. Khanna delivers a performance of rare control - internal, intelligent, and deeply absorbing. With minimal dialogue and maximum impact, he commands the screen through sheer presence, making power feel lived-in rather than performed. His portrayal adds gravitas and credibility, anchoring the film's emotional and intellectual core.Ranveer Singh matches the film's intensity with a committed, finely tuned performance, but it is Khanna's restraint that leaves the deepest impression. The supporting cast complements the narrative without a weak link in sight.Dhurandhar is cinema that respects its audience - its intelligence, patience, and appetite for complexity. It may not court instant gratification, but it rewards engagement richly.Verdict: A masterfully directed, superbly acted film that sets a new benchmark for serious Hindi cinema. Anchored by Akshaye Khanna's outstanding performance, Dhurandhar is essential viewing.",9
Best spy film of bollywood,"The film may feel slow in the first half to some people and all the love angle may feel uneccesary but the film covered all of its flaws in the second half and also the music album of this film is🔥.The film is not glamorizing ranveer singh as he is the main lead but instead each character feels like the protagnist of their own story akshaye khanna , arjun rampal and ranveer singh nailed it.Acoording to me the main showstealer was rakesh bedi as he overshadowed every actor with his presence and the film was successfully showcased his versatile acting.Aditya Dhar hats off to you man ! What a brilliant work behind the camera not a single minute felt boring at all the screenplay is so well written that 3 hour 30 minutes feel like blink of an eye.The style of this film highly resembled Quentin Tarantino's Kill Bill.",9
One of best Masterpiece in last 5 years in Bollywood.,"Okay, the movie was long, but I never felt that it was long while watching it since it was very engaging. Usually, I have a low attention time span but here I was rarely distracted.Akshay Khanna and Sanjay Dutt were the recipe that made it a masterpiece. And of course Ranveer was good as well.The sound and music were blended well in this movie. The action was superb; it had plenty of gore but nothing over-the-top. Basically, the depiction was as it should be.On a side note: Sanjay Dutt's entry was so damn good. It was perfect with that song. Anyway, I would give it a good 10 since it has been a long time since I watched a good Bollywood movie. The last one that came close was Animal. Animal IMO was a good 8.5.",10
Best,"""Dhurandhar"" is a must-watch for fans of the spy and action-thriller genres. It's a high-voltage cinematic experience driven by a gripping script and exceptional acting, particularly by Ranveer Singh and the scene-stealing Akshaye Khanna. While its length might require patience, the sheer spectacle and performances make it a ""paisa vasool"" (worth the money) entertainer.",8
Superb watch,"There are some very violent scenes. But the story, direction and actors are fantastic. A must watch. Akshay khanna was fabulous, Ranveer singh is too good. All characters in the movie are too good. The plot of the movie is thrilling and even if the movie is long you dont feel that. Even when it ends you are stuck to your seat. Waiting for the second part.",9
GOOD MOVIE,DHURANDAR overall was a well made movie with outstanding acting(as expected) by Ranveer Singh who carried the entire film on his broad shoulders. The acting by the balance of the cast ranged from average to good. Akshay Khanna who's an absolutely natural actor but who did not have a challenging role at all was brilliant with his facial expressions and body language. However his very short dance which has become viral was extremely ordinary and highly overrated. Sanjay Dutt and Rakesh Bedi were above average. The direction and screenplay were brilliant. However at 3hrs 20 mins the movie was definitely extremely long and should have been trimmed by at least 20-30 minutes. The songs were totally unnecessary. All in all worth watching only once!7/10.,7
Cringefest at best!,"The rule of thumb, never, to never go with high expectations! Let down is harder. For all its grandilosque statements, gut wrenching action, torture scenes bordering on savagery, the uniqueness of the plot (?)
An impressive cast is not enough.After a while, the characters were interchangeable. The mannerisms, abuses, dangling cigarettes ( lol), the sneers, were visible. For many Shades and face fuzz acted as a cloak for histrionics!The vote swayed between bulging biceps, swaying locks, sneery snarl, filthy mouths, beastly mannerisms!The person who stood out is Rakesh Bedi. He stole the show with his performance. A small but much needed human, comic relief came from him. As for the deeper insight into the politics of the two nations. It is lost in all the unnecessary violence. On a serious note, topics of national security, real threats to our country, need for more, more & much, much more were touched upon in graphic details. How can an average cinegoer, out for entertainment, munching on warm popcorn in the dark help in matters our government fails at is baffling? A documentary would have sufficed. They are planning a sequel; beware!",5
Most entertaining movie ever,Nice acting by akshay khanna and Ranveer singh.very good direction.very good dialogue presentation.best ever movie.watched 4 times in theater.Nice acting by akshay khanna and Ranveer singh.very good direction.very good dialogue presentation.best ever movie.watched 4 times in theater. Nice acting by akshay khanna and Ranveer singh.very good direction.very good dialogue presentation.best ever movie.watched 4 times in theater.,10
"A Controlled, Well-Crafted Spy Thriller Elevated by Performances and Craft","Dhurandhar is a rare Bollywood spy thriller that combines strong performances, tight technical craft, and an emotionally grounded storyline. The film's biggest strength remains its cast. Ranveer Singh delivers a remarkably restrained performance, portraying an intelligence operative with quiet intensity instead of loud heroism. Akshaye Khanna's sharp, calculating presence adds intellectual weight, while Sanjay Dutt's rugged authority anchors the narrative. In supporting roles, R. Madhavan and Arjun Rampal elevate the stakes with layered, convincing portrayals.The background score deserves special mention. Instead of relying on generic patriotic notes, it uses subtle percussive tension and atmospheric themes that heighten suspense during covert operations. The score never feels overbearing; it moves with the emotion of each scene and helps maintain a gripping tone.The storyline and plot revolve around cross-border espionage, internal betrayal, and a mission that tests loyalty, fear, and sacrifice. Aditya Dhar keeps the plot lean and focused, allowing characters to breathe without slowing the pace too much. The writing avoids unnecessary melodrama and sticks to mission-driven realism, though a few mid-act turns feel predictable. The buildup to the climax is strong and sets a compelling foundation for Part 2.Narration is crisp, with limited voiceovers that actually add depth instead of spoon-feeding. The film uses visual storytelling: silent glances, coded exchanges, and detailed operation sequences that make the world feel lived-in.The editing is tight and purposeful. Action sequences are cut cleanly, without shaky-cam excess. The transitions between narrative threads are smooth, and the film maintains momentum for most of its runtime. The second act slows slightly, but the well-paced final stretch compensates.Surprisingly, the songs are minimal and placed thoughtfully. Instead of disrupting the pace, they serve as emotional anchors during transitional moments. No random item numbers, no unnecessary romance tracks; the soundtrack stays aligned with the film's tense tone.Overall, Dhurandhar is a performance-driven, technically polished thriller that respects the viewer's intelligence. Its controlled acting, atmospheric score, sharp editing, and grounded plot make it one of the more refined spy dramas in recent years.Rating: 8.8/10.",9
Unapologetic script,"Dhurandhar wins you over with nerve.The storytelling is sharp, deliberate, and layered.Performances and background music is the star of the movie but the script is a solute cinema. Ranveer Singh delivers a controlled, intense performance that feels lived-in rather than performed. Akshay Khanna, Arjun Rampal, R Madhvan...all of them show what makes them an actor. Supporting cast leave an impression, even with limited screenThe dialogues are crisp, impactful, and grounded. No unnecessary hero worship, no loud moral sermons.This is not a mindless entertainer. It demands attention and rewards it generously.",9
Bestt,"It is one of great directions and super creative. What a story build up!!!!!!! All of the starcast did justice to their roles.... It is totally badass. I loved it so much. The best movie after such a long timea. Ready to watch again......
Also, the songs are amazing. Definitely waiting for its part 2 to release in 2026 march.",8
Dhurandhar,"Just nailed the show all of the characters, director, writer, music everything just like Animal 2023. Everyone should go and watch the film atleast once at a time...
The magic behind this movie is Real + Reel in a word... What if the fictional character gets into the real life?This mind blowing game had been played by Aditya Dhar. And also the music. Uffff...i can't sleep, its like playing the music like Gehra hua, Lutt le geya, naal nachna, Title track, Sararat all of yhrm.",9
Keeps you on the edge,"This is an excellent film-an out-and-out entertainer that keeps you on the edge of your seat from start to finish. The pacing is tight, the set pieces land well, and the narrative rarely gives you a chance to disengage. It has that old-school ""big screen"" energy while still feeling thoughtfully put together.It's a rare gem in contemporary Bollywood-very few movies are built to this standard of craft and consistency. The direction feels assured, the writing stays focused, and the overall execution delivers exactly what it promises: a gripping, high-engagement ride.Performance-wise, nearly everyone brings their A-game. With the exception of Sanjay Dutt, the acting is outstanding across the board. Akshaye Khanna, in particular, is in a league of his own here-he breaks all barriers and elevates every scene he's in with a controlled, high-impact performance that stays with you long after the credits.All in, Dhurandhar is the kind of movie you finish and immediately want to revisit-both for the entertainment value and to catch the details you may have missed the first time. I genuinely can't wait to watch it again.",10
"A must watch, What a brilliance !!","The movie overall is an absolute brilliance, and the story overall is very well developed for the upcoming climax or plot. The film starts from an intriguing point which perfectly lines up on what will happen next in the story. The character portrayed by R. Madhvan in the Film (Ajay Doval irl ) is superb even though it doesn't have enough screen time. The main story which starts after the unfortunate events that happen. The story is developed very well, and I accept the story does develop slowly in the first half. However, they made sure that there are no holes in the movie which led to a smooth storyline to take place. We then see Akshaye Khanna's character, and everyone falls in love with his acting and especially the dance. Akshaye Khanna was very closely representing Raheem Baloch also when it came with the dialogue delivery. It felt I was the one facing him. Going to the next character which was portrayed by Arjun Rampal which received very less of screen time as he will be in the part 2 as a main villain (Theory). The character of Major Iqbal had no difference between the Reel and Real version. Next, we have SP Chaudhary Aslam acted by Sanjay Dutt was a gem and the casting for this role couldn't be offered to anyone else as Sanjay Dutt slayed in his role. Whenever he is on the screen the audience will feel a sense of laughter and this character added the life into the movie to lighten the mood from serious to a bit less serious. However, Aditya Dhar is a mastermind as he used red background followed by black text for that one particular scene released a feel of anger in my body for what the Pakistanis have done. Finally, Ranveer Singh's performance was very lively and engaging and it felt too real with all those emotions. The acting of Ranveer Singh was eventually foreshadowed by the eye-catching performance of Akshaye Khanna. The only thing that concerned me in the movie was some scenes which could have been a bit disturbing for some people to watch even if the movie is A rated. However, this movie was really different from all the other spy films as there are almost no romantic scenes focusing on its main plot and climax. I personally enjoyed the movie.",9
Amezing,"One and only best spy movie in Bollywood
Because it does not have the story of Tiger and Zoya real and jenuine spy movie ever.One and only best spy movie in Bollywood
Because it does not have the story of Tiger and Zoya real and jenuine spy movie ever.Best music best camera angal best starcast and ofcourse akshay khanna.",9
Good movie with dull ending,The movie is good.The ending was very dull. There is no closure. They are kind of forcing you to watch the next part.The ending was very dull. There is no closure. They are kind of forcing you to watch the next part.The ending was very dull. There is no closure. They are kind of forcing you to watch the next part.,6
Bollywood's Finest Spy Thriller in Years,"Aditya Dhar, the man behind the tectonic shift in Indian war cinema with Uri: The Surgical Strike, returns with Dhurandhar-a film that swaps the ""How's the Josh?"" adrenaline for a cold, calculated, and often unsettling look at deep-cover intelligence. Clocking in at a massive 3 hours and 34 minutes, it is an epic that demands patience but rewards it with some of the best technical craft and acting seen in recent years.Film is monumental achievement in Hindi cinema - a nearly 4-hour epic that feels gripping from start to finish without a single dull moment. Ranveer Singh embodies Hamza, the undercover Indian agent infiltrating Karachi's deadly underworld to dismantle the ISI-terror nexus, with remarkable restraint and depth. But the real standout is Akshaye Khanna as the charismatic yet ruthless gangster Rehman Dakait - his swag, menacing presence, and razor-sharp dialogue delivery make him the undisputed MVP.Dhar masterfully weaves real historical events (IC-814 hijacking, Parliament attack, 26/11) into a fictional Godfather-style mafia saga set in Lyari's gang wars. The world-building is immersive, the cinematography stunning, and the intelligent scripting trusts the audience with complex moral ambiguities and high-stakes espionage.Dhurandhar is a rare beast: a high-budget blockbuster with the soul of an indie thriller. It is a masterpiece of tension and a testament to Ranveer Singh's versatility. It doesn't just ask for your attention; it commands it.Bottom Line: If you have the stomach for its length and its grit, Dhurandhar is the most important Indian film of the year.Rating: 10/10 - A game-changer for Bollywood, it's a theatrical must-watch. Can't wait for Part 2!",10
Awesome,I LIKE THIS MOCIE A LOT AND I THINK OTHERS TOO BUT I THINK A BIT MORE ACTION AND SOME MORE AWESOME DIALOGUES WOULD ME BETTER AND OVERALL THIS MOVIE WAS FIRE I RECOMMEND WATCHING THIS ANYONE WHO IS THINKING WHETHER TO WATCH THIS OR NOT WATCH THIS IS A GOOD ONE YOU MIGHT NOT LIKE THIS BUT TRY THIS AT LEASR ONCE.,8
Awesome Movie,Movie was good. Everyone is talking about Ahsyan Khanna. But the best acting was by RAkesh Bedi. Cutting 2 points because the last chapter was boring. Kya chal ra tha kuch samjahn nahin aaya. This could have been done better. Over all the movie was good.First 2 hrs were gripping. Some scenes are very voilent.,8
A Ranveer Vs Akshaye khanna show 🔥🔥🔥🔥,"Positives::
1. Magnificiant Visuals
2. Great shots
3. Excellent actors
4. Killer music ( retro blends also)
5. Good screen play.Ranveer was like a roaring lion with calm body language and akshaye khanna is like a cheetah with anger .No need to feel anything bad about ranveer and sarah pairing .The maker knows what all this for and he gives us points about the thoughts we had about their age .its part of the character and movie. Overall the movie a decent watch with 3.30 hrs.if u love spy action movies and have some patience to watch entire movie. Ranveer says ""Hold my beer""
Negatives::
1. Ranveer gets beaten up like a boxing bag and he spits blood like water but he Didn't need a medical help for recovery
2. Some violent scenes were forcefully displayed.",9
A Thrilling Ride with Epic Performances,"From the very first scene, the film establishes a tension that never lets up, drawing viewers into a meticulously crafted world of strategy, betrayal, and high-stakes action. Ranveer Singh shines in a role that demands both physical prowess and subtle emotional nuance, making each choice and reaction feel authentic. The supporting actors, including key veterans, add gravitas and complexity, enriching the storyline. Director Dhar's vision is evident in every frame, combining detailed production design with a hauntingly effective score that accentuates the narrative without overwhelming it. Action sequences are intense, yet grounded, serving the story rather than existing for spectacle alone. The film's pacing allows audiences to absorb character motivations and the political intrigue, making the explosive second half even more satisfying. The realism in the portrayal of corruption, crime networks, and moral dilemmas elevates the narrative, creating a cinematic experience that feels both thrilling and meaningful.",10
Stars Shine in Action-Packed Drama,"Each sequence is crafted with intention, balancing action, suspense, and emotional depth. Ranveer Singh delivers an immersive performance full of moral complexity, while Sanjay Dutt adds weight and menace. Akshaye Khanna and R Madhavan elevate the narrative with their intelligent portrayals, and Arjun Rampal's controlled intensity contrasts with Sara Arjun's vulnerable performance. Aditya Dhar's direction ensures that pacing, tension, and character arcs intertwine perfectly. Cinematography captures both chaos and quiet tension, and the music punctuates pivotal moments, culminating in a second half that is both adrenaline-fueled and emotionally satisfying.",9
"A Bold, Riveting Spy Thriller Drenched in Grit and Gore","Dhurandar is a bold and unflinching spy thriller soaked in raw intensity and bloody realism. Director Aditya Dhar pushes the envelope with visceral moments inspired by a true story, crafting a world that is brutal, immersive, and relentlessly gripping.The action sequences are explosive and brilliantly staged, while the background score elevates every high-stakes moment - adding tension, urgency, and a cinematic punch.Ranveer Singh shows remarkable maturity and evolution, delivering one of his most controlled performances.Madhavan and Arjun Rampal amplify the screen with their commanding presence, each adding weight to the narrative.Sanjay Dutt gets a meaty role and does complete justice to it.But the biggest surprise is Akshaye Khanna - a silent, simmering force whose possessed rage and menacing aura take over the narration. His performance sends genuine chills down the spine.The movie portrays the hardship of infiltration, the descent into darkness, and the desperate search for a sliver of light and a stable future.Even at 3 hours and 30 minutes, the film's momentum never slows. The train keeps charging forward at full steam - and ends with an absolute banger of a climax.A daring, high-voltage thriller that doesn't hold back.",9
An Action-Packed Spectacle,"The film's first act establishes tension masterfully, introducing a world where power, loyalty, and danger intersect. Ranveer Singh delivers an immersive performance, skillfully portraying internal conflict and physical courage. Sanjay Dutt commands every confrontation, adding layers of menace and authority. Akshaye Khanna and R Madhavan enrich supporting sequences, while Arjun Rampal exudes a quiet, pervasive threat. Sara Arjun's emotional performance provides narrative grounding. Aditya Dhar's direction orchestrates pacing, suspense, and action with precision. Cinematography captures both scale and intimacy, and the score intensifies every beat. The climax ties together narrative arcs, delivering thrilling action and emotional resolution.",9
Dhurandhar: A Refreshing Espionage Thriller Bollywood Needed,"Catching Dhurandhar at Movietime Goregaon East was a refreshing change, especially since high-quality Bollywood releases have felt a bit rare lately. This film is a significant contribution to the industry, proving there is a massive demand among discerning viewers for well-crafted, high-stakes espionage thrillers. The technical precision and focus on authentic intelligence-gathering techniques make it a standout entry that elevates the typical spy genre. I suspect the film will find a particularly deep connection with Muslim audiences, as its narrative layers and cultural nuances are handled with a unique level of relatability. It is exactly the kind of intelligent, mission-driven cinema we need more of to keep the Bollywood industry evolving and engaging for its core audience. Becauz of its sharp execution and much-needed focus on a sophisticated plot, am giving Dhurandhar three and a half stars.",7
Mid,"Overindulgent. Music so loud couldn't even hear the dialogues. Unnecessary gore. Cringe attempts at comedy. Only a few redeeming moments. Dragged quite a bit at action scene.Ranvir Singh did not shine through. Mostly kept a stoic face and screamed for a bit. Rampal surprised me, although nothing exceptional. Sanjay Dutt played Sanjay Dutt as usual. Madhvan remained angry throughout. The girl playing Yalia is super hot, but the character is unbelievably dumb.Kept bashing congress and blowing BJP as usual.",5
A Blockbuster Wave of Thrill and Emotion,"Every scene feels intentional, with suspense building through carefully placed dialogue, gestures, and visual cues. The lead delivers a performance of remarkable subtlety, conveying moral struggle with understated intensity. Action sequences are gripping, designed to heighten tension while remaining believable. The cinematography captures both the sprawling chaos of urban landscapes and intimate personal moments. Supporting roles are thoughtfully written, adding complexity and texture. The score and editing work in tandem to maintain pacing, ensuring the long runtime never feels indulgent. The second half delivers a thrilling, emotionally charged crescendo, leaving viewers reflecting on the narrative long after the final frame.",9
"Power, Action, and Ranveer's Energy","The storytelling is intricate, balancing political intrigue, moral ambiguity, and visceral action. Ranveer Singh's layered performance anchors the film, oscillating between cunning strategy and emotional vulnerability. Sanjay Dutt adds formidable gravitas, while Akshaye Khanna and R Madhavan provide subtle, intelligent performances. Arjun Rampal's understated menace maintains constant tension, and Sara Arjun's emotional depth highlights the human cost of the narrative. Aditya Dhar's direction ensures that suspense, pacing, and action coexist perfectly. Cinematography captures chaos and intimacy, while the score amplifies every emotional and suspenseful beat. The finale delivers a thrilling, emotionally charged payoff.",9
A Perfect Mix of Action and Emotion,"The film builds tension gradually, immersing audiences in a morally ambiguous world filled with danger and intrigue. Ranveer Singh dominates with a performance that oscillates between calculated aggression, vulnerability, and moral contemplation. Sanjay Dutt adds gravitas, authority, and menace, his presence elevating every interaction. Akshaye Khanna and R Madhavan provide intelligence and subtle tension, enhancing narrative complexity. Arjun Rampal's controlled menace creates palpable suspense, while Sara Arjun's emotional depth highlights the stakes of each decision. Aditya Dhar directs with exceptional skill, balancing intense action with quiet, strategic plotting. Cinematography captures both sprawling cityscapes and intimate moments, while the score heightens every beat of suspense and emotion. The second half delivers shocking twists, meticulously staged action, and emotional resonance, culminating in a finale that is both thrilling and unforgettable.",9
A Perfect Blend of Heart and High Intensity,"The story grips from the first frame, drawing you into a web of strategy, betrayal, and moral conflict. The lead performance is quietly intense, conveying layers of fear, courage, and determination. Action sequences are meticulously choreographed, blending realistic combat with high tension. Background score and cinematography complement each scene, creating a cinematic rhythm that keeps the audience on edge. The narrative builds patiently, rewarding viewers with a climactic payoff that is both thrilling and emotionally charged. Every supporting role enhances the central conflict, giving depth to the underworld and political intrigue. This is storytelling that respects the intelligence of its audience, delivering a perfectly balanced mix of adrenaline and intellect.",9
"Action, Emotion, and Star Power Combined","Every scene is crafted with precision, balancing action, suspense, and emotional resonance. Ranveer Singh delivers a layered performance, portraying a man whose moral choices are as gripping as the physical risks he faces. Sanjay Dutt adds commanding authority and menace, while Akshaye Khanna and R Madhavan enhance the ensemble with nuanced performances. Arjun Rampal's quiet menace builds tension, and Sara Arjun provides emotional authenticity that grounds the story. Aditya Dhar's direction ensures that each twist, confrontation, and action sequence serves the narrative. Cinematography captures chaos and intimate beats with equal skill, and the score accentuates suspense. By the finale, the film achieves a combination of adrenaline, tension, and emotional depth that lingers.",9
Power-Packed Performances in Every Scene,"The film immerses viewers in a complex web of intrigue, danger, and moral conflict. Ranveer Singh's performance is captivating, alternating between calculated strategy, raw emotion, and intense action. Sanjay Dutt brings gravitas and a commanding presence, while Akshaye Khanna and R Madhavan provide subtle narrative depth. Arjun Rampal's menace is understated but palpable, and Sara Arjun's emotional scenes provide the story's heart. Aditya Dhar directs with meticulous precision, balancing suspense, strategy, and high-octane action. Cinematography highlights both chaotic cityscapes and intimate character moments. The finale delivers adrenaline, tension, and emotional payoff simultaneously.",9
Review,"Although the film was excellent, I believe that removing the unnecessary abusive language would not have affected its quality. In fact, it could have made the film more suitable for all audiences, including children and families. The issue the movie addresses is truly significant, and I wholeheartedly salute the unsung heroes of our nation who sacrificed their lives for the country. I would also like to advise the makers that, in the next part, please avoid using abusive language. It feels outdated now, and the strength of your subject matter is already self-justifying. The film is powerful and worth watching on its own, so adding such language may negatively affect its impact.",8
Seedhe baat No Bakwas,"I saw Dhurandhar yesterday and was awestruck by the sincerity and clarity with which the whole story has been told - brutally honest, very straightforward. This is unapologetically a pro-India film, and for me, that is exactly why it matters right now. The True Dhurandhar is Mr. Aditya Dhar.For me, Dhurandhar feels like Hindi cinema's Schindler's List moment in spirit - a long, edge of the seat and essential cinematic document that entertains, disturbs and, above all, refuses to lie about the cost of keeping this country standing. Sidhee baat, no bakwas: this is the kind of film that doesn't just deserve to work at the box office, it deserves to be rewatched, debated and remembered.",10
Absolute disappointment,"Another Government Propaganda and yet another disappointment from Bollywood. Dhurandhar does not carry any meaningful message or story. Off late, I had stopped watching Bollywood movies, at least going to theaters for them. Around so much hype, after a gap of about 3 years, I decided to go watch Dhurandhar and I regret this decision.Firstly, the movie is quite pushy in terms of spreading the message that the previous governments were a failure. As if, there was no homeland security in India before and all our intelligence agencies were inefficient. So, we totally knew there will be an attack on Mumbai but since just the date of attack was changed from 3rd of Oct to 26th of Nov, our agencies and government turned blind eye towards the threat?Secondly, coming to the direction, there is ample level of over acting in various scenes. There is unnecessary fight, unnatural ways of hitting and killing people, just a desperate attempt to keep the audience engaged. This is the closest Bollywood can get to in terms of action in a movie. The movie keeps stretching at almost all the scenes without any substance and is boring to the core.",3
"Authentic, Gritty, and True","Dhurandhar genuinely surprised me-in the best way. As someone from the armed forces, I'm usually very critical of how movies portray intelligence work, but this film felt real, grounded, and respectful of the profession. It didn't exaggerate the life of a spy with unnecessary glamour or over-the-top heroism. Instead, it captured the silent grit, the constant tension, and the unseen sacrifices that define real operatives.The storyline is tight, the pacing sharp, and the character development subtle yet powerful. What impressed me most was how the film showed the emotional weight carried by those who work in the shadows-how every decision they make comes with consequences the world never hears about. The lead actor delivered a performance that felt authentic, restrained, and deeply human.For me, Dhurandhar stands out because it offers respect to the intelligence community without turning them into caricatures. It reminds you that true heroes are often the ones who never get recognition.",9
"What did I watch.. mind blown, just wow!!","For 3 and a half hour, you are glued to the screen, that's how captivating it is.Recommend to watch it on Big screen, the charisma wouldn't be same on tv.Each actor played their role beautifully. Akshay Khanna commands this movie, Ranveer Singh / R. Madhavan/ Arjun Rampal shine as well. It shows brutality / murder but that's part of the story.",10
Amazing movie .... Uncovering the real truth,"The overall movie is very good ... It is filled with action, drama and non stop scenes... It really uncovers the real truth of pakistan and the incidents that happend in the past ... Really good movie, and the violence in the movie is unbelievable... It almost looks too real even better than final destination vfx.",10
Marvelous,"This movie is raw and brutal. Not only does it not shy away from showing the truth of state sponsored terrorism, but also shows it with the most grounded and realistic way possible. The action is top notch. The brutality is top notch. The music is top notch. The cinematography is top notch. Story is simple but the way of showing it is amazing and gut wrenching.It may feel slow in the middle, but the second half picks pace and delivers the ultimate fun that you can expect in a spy film.",10
"Extraordinary movie, hats off to Aditya dhar and team.","This is one of the best movies made in bollywood, aditya dhar just raised the bar super High. Finally seen a realistic spy movie, comparable to hollywood and other international spy movies. Finally someone showing real life story of spy soldiers. Warna toh love story k as-pas hi so called spy movies ghumti hai. All actors are absolutely brilliant, Akshay Khanna deserves sply applause. This is must watch theater movie. Plz watch' it, remember that this real life story of our braveheart spy soldier. And it shows real life struggle and situation in other side. Must watch 10/10 star movie.",10
India's Boldest Intelligence Thriller Yet,"Dhurandhar is not just a film it is a milestone in Indian cinema. A rare combination of realism, emotional depth, and electrifying intensity, this movie sets a new benchmark for the spy-thriller genre in India.From the opening frame to the final shot, the film grips you with an unshakable sense of authenticity. There is no Bollywood glamour, no exaggerated nationalism, no cartoonish villainy just the harsh, unfiltered truth of intelligence work.",10
